#timestamp, num_TRL_1, num_TRL_2, num_TRL_3, num_TRL_4, num_TRL_5, num_TRL_6, num_TRL_7, num_TRL_8
1592784000,0,0,0,0,0,0,0,0
1609117200,48,22,15,26,48,28,22,18
1609117200,377,30,9,44,199,56,48,66
1609117200,63,18,11,14,14,28,29,17
1609117200,56,11,11,10,9,21,23,11
1609117200,197,50,25,35,28,79,67,73
1609117200,255,71,49,58,44,107,107,85
1609117200,346,82,47,59,357,113,111,176
1609117200,250,97,52,55,60,122,101,123
1609117200,584,85,55,59,1081,106,82,372
1609117200,412,132,82,100,105,183,164,162
1609117200,465,74,44,52,693,94,73,283
1609117200,397,135,84,85,144,184,149,176
1609117200,702,173,83,143,833,243,186,495
1609117200,515,148,111,121,200,264,277,173
1609117200,676,172,119,109,524,248,197,427
1609117200,703,184,117,161,190,276,260,240
1609117200,586,156,99,127,224,225,188,235
1609117200,397,126,77,104,117,200,187,180
1609117200,271,71,44,83,117,118,94,123
1609117200,249,78,52,65,157,95,76,100
1609117200,86,30,23,25,85,49,26,40
1609203600,51,18,13,21,44,24,21,16
1609203600,51,18,15,22,36,23,15,14
1609203600,376,59,7,72,212,99,98,166
1609203600,76,24,20,22,37,40,49,13
1609203600,120,36,20,30,31,62,48,69
1609203600,454,137,78,99,70,209,183,189
1609203600,751,209,126,162,119,336,291,246
1609203600,867,218,135,168,522,330,278,382
1609203600,810,233,143,181,166,337,274,308
1609203600,1230,281,179,228,1438,403,322,692
1609203600,1013,318,199,246,328,461,386,369
1609203600,908,213,140,175,950,340,274,495
1609203600,821,235,157,196,235,343,288,269
1609203600,1048,315,151,296,1151,430,401,730
1609203600,938,298,175,233,238,429,384,364
1609203600,1119,329,195,226,591,458,410,562
1609203600,639,222,134,165,298,311,245,268
1609203600,662,184,124,170,259,263,215,222
1609203600,606,213,129,174,232,304,274,233
1609203600,331,104,68,110,158,152,136,96
1609203600,263,88,61,87,177,126,115,81
1609203600,150,50,40,53,103,65,42,46
1609290000,46,21,14,40,71,22,24,18
1609290000,40,20,6,20,48,19,17,18
1609290000,426,48,13,59,274,103,85,130
1609290000,41,7,10,8,19,27,20,9
1609290000,53,20,12,14,11,31,31,18
1609290000,180,51,29,40,31,86,78,79
1609290000,543,164,89,122,87,252,222,213
1609290000,915,275,158,205,143,419,371,369
1609290000,1011,277,169,203,531,419,334,458
1609290000,928,306,172,217,216,423,321,410
1609290000,1231,299,178,232,1406,444,343,684
1609290000,1112,323,202,265,276,498,439,389
1609290000,1063,254,159,207,1008,364,298,533
1609290000,791,244,148,181,301,368,286,321
1609290000,1083,294,135,310,1093,495,407,820
1609290000,871,255,172,240,231,409,383,340
1609290000,1078,297,189,212,587,398,332,552
1609290000,899,225,150,198,190,334,302,286
1609290000,683,189,108,164,285,294,229,276
1609290000,529,145,101,165,215,253,234,194
1609290000,419,118,72,120,186,168,148,150
1609290000,217,62,39,67,134,83,52,80
1609290000,140,48,29,50,103,65,39,46
1609376400,75,21,17,28,73,29,19,24
1609376400,35,14,8,25,40,14,19,14
1609376400,506,76,10,127,290,159,155,223
1609376400,109,29,20,28,29,61,47,50
1609376400,137,28,25,30,23,58,59,25
1609376400,384,110,58,89,57,179,160,143
1609376400,656,177,104,150,91,315,304,205
1609376400,790,204,131,164,418,348,280,355
1609376400,991,248,132,202,171,387,296,381
1609376400,1204,249,147,211,1462,368,287,700
1609376400,838,275,175,226,255,419,401,309
1609376400,836,194,143,165,1085,316,230,537
1609376400,555,156,101,137,258,256,200,173
1609376400,800,227,119,234,1014,366,290,656
1609376400,510,151,109,129,202,267,231,202
1609376400,435,129,93,90,391,183,148,293
1609376400,323,101,59,73,127,122,85,115
1609376400,212,61,64,58,96,99,77,80
1609376400,157,35,36,50,85,73,87,34
1609376400,92,19,15,23,44,34,22,25
1609376400,101,27,15,28,46,35,33,10
1609376400,38,12,8,13,34,24,16,10
1609462800,29,11,8,13,41,12,14,16
1609462800,382,47,10,53,239,71,74,121
1609462800,84,20,12,16,18,29,25,22
1609462800,128,39,22,22,18,65,59,54
1609462800,234,49,31,45,117,87,82,98
1609462800,292,93,57,58,55,126,85,147
1609462800,571,107,70,75,1054,157,150,382
1609462800,245,115,78,71,109,172,123,179
1609462800,441,123,82,70,937,159,114,393
1609462800,272,113,69,74,121,148,127,130
1609462800,512,142,85,113,855,195,176,449
1609462800,280,105,70,66,97,137,108,137
1609462800,352,134,82,68,313,157,124,259
1609462800,180,77,46,49,79,114,70,118
1609462800,127,56,40,31,75,64,28,85
1609462800,183,67,49,52,77,118,101,88
1609462800,114,29,23,26,58,51,52,31
1609462800,48,13,7,13,11,19,14,17
1609549200,44,17,17,17,43,16,15,8
1609549200,297,34,4,33,196,50,44,71
1609549200,69,24,15,16,16,40,31,30
1609549200,178,49,30,35,21,75,79,53
1609549200,279,61,37,39,324,88,74,154
1609549200,274,120,74,62,63,152,119,142
1609549200,679,112,67,63,1238,133,106,464
1609549200,331,123,95,77,122,183,178,140
1609549200,586,143,97,79,929,172,125,386
1609549200,319,122,86,68,169,142,97,156
1609549200,524,150,77,99,812,194,154,430
1609549200,250,105,70,73,146,142,125,123
1609549200,269,127,90,39,405,130,86,312
1609549200,237,109,61,61,136,122,76,152
1609549200,299,104,66,48,130,109,62,152
1609549200,222,79,49,54,48,113,113,112
1609549200,145,38,30,29,49,57,52,46
1609549200,70,23,16,23,59,32,25,26
1609549200,43,11,8,11,34,28,15,14
1609635600,46,20,10,15,36,14,10,19
1609635600,391,34,3,40,176,45,42,85
1609635600,59,19,10,14,11,21,22,15
1609635600,53,16,12,16,20,34,45,15
1609635600,230,54,35,46,31,81,73,73
1609635600,270,62,40,39,300,82,78,148
1609635600,386,138,86,74,86,158,133,162
1609635600,550,129,84,64,1096,142,98,448
1609635600,336,147,102,69,110,174,135,177
1609635600,440,131,91,61,805,146,81,381
1609635600,335,133,85,70,115,149,104,163
1609635600,452,179,88,127,704,207,136,449
1609635600,286,134,81,67,141,174,119,176
1609635600,222,123,80,41,372,118,79,252
1609635600,163,78,56,32,100,89,51,106
1609635600,175,69,46,29,84,70,29,113
1609635600,180,88,69,66,60,154,166,83
1609635600,143,36,24,29,36,56,47,53
1609635600,72,24,14,18,22,31,24,29
1609722000,59,17,13,18,46,15,9,13
1609722000,311,41,6,46,222,62,58,84
1609722000,46,16,10,10,12,28,34,14
1609722000,74,29,18,17,12,42,39,42
1609722000,237,62,37,48,30,91,82,77
1609722000,302,95,55,68,39,138,153,104
1609722000,314,90,60,58,273,123,100,160
1609722000,264,157,95,52,100,162,115,161
1609722000,635,197,127,83,899,202,155,408
1609722000,567,205,145,97,144,236,214,182
1609722000,556,179,113,65,826,168,103,397
1609722000,424,147,100,72,141,188,129,197
1609722000,674,222,117,150,729,275,213,532
1609722000,520,191,123,103,159,236,194,231
1609722000,474,203,130,74,389,217,137,393
1609722000,391,147,105,87,177,196,137,226
1609722000,368,127,97,79,151,169,120,163
1609722000,508,161,110,127,161,245,224,204
1609722000,335,91,58,80,103,137,119,116
1609722000,176,42,32,32,132,59,73,33
1609722000,119,33,23,35,71,54,40,54
1609808400,71,36,25,24,65,35,31,30
1609808400,41,18,8,19,53,23,19,17
1609808400,340,78,9,97,188,118,129,203
1609808400,75,23,17,20,17,41,32,23
1609808400,95,27,19,19,18,47,42,31
1609808400,481,120,74,94,62,186,172,145
1609808400,658,163,114,134,79,290,264,191
1609808400,843,244,156,178,317,375,302,354
1609808400,806,259,166,175,200,352,286,313
1609808400,909,324,197,188,891,433,297,565
1609808400,756,289,186,193,252,404,341,305
1609808400,895,283,187,182,848,386,289,532
1609808400,843,303,196,198,340,407,315,377
1609808400,1125,412,205,336,724,608,509,795
1609808400,943,329,241,227,377,487,415,370
1609808400,981,317,208,210,507,420,340,567
1609808400,759,230,149,173,306,362,304,284
1609808400,712,212,134,164,324,319,243,296
1609808400,683,234,149,169,270,334,299,252
1609808400,470,142,85,136,196,194,166,181
1609808400,285,92,67,93,178,132,112,84
1609808400,172,38,30,52,143,66,46,49
1609894800,85,26,15,28,71,34,25,27
1609894800,59,26,14,21,49,22,24,22
1609894800,373,92,16,122,172,167,160,242
1609894800,49,12,11,12,15,19,20,11
1609894800,54,15,10,14,23,28,25,13
1609894800,211,53,35,41,29,87,84,65
1609894800,396,110,62,84,56,186,154,133
1609894800,692,209,131,155,110,336,301,242
1609894800,746,227,135,156,382,317,262,346
1609894800,899,298,189,201,232,436,363,414
1609894800,1121,288,182,190,1356,396,305,650
1609894800,818,269,186,179,240,376,318,281
1609894800,1017,276,166,196,1041,376,286,565
1609894800,554,170,125,129,209,267,213,243
1609894800,1005,335,133,291,1141,454,368,849
1609894800,838,240,150,184,233,342,247,319
1609894800,668,186,134,140,489,305,261,372
1609894800,419,127,91,109,175,200,165,181
1609894800,552,173,114,123,295,245,168,256
1609894800,537,164,104,135,173,241,223,186
1609894800,332,88,56,92,107,149,132,92
1609894800,242,73,47,51,141,88,83,87
1609894800,70,19,14,31,96,46,21,35
1609981200,84,27,17,18,76,21,20,26
1609981200,52,13,14,13,38,18,17,18
1609981200,377,38,3,48,233,71,57,89
1609981200,75,22,12,11,16,25,21,27
1609981200,108,43,24,22,27,62,57,63
1609981200,420,107,61,72,55,174,149,139
1609981200,639,166,120,133,80,278,285,172
1609981200,674,183,120,133,338,289,269,285
1609981200,665,218,166,139,220,323,283,268
1609981200,890,232,143,137,1195,283,209,540
1609981200,684,235,171,182,253,379,359,245
1609981200,639,196,127,126,902,259,179,448
1609981200,560,180,114,121,254,250,178,262
1609981200,903,240,116,211,936,347,294,595
1609981200,609,201,145,159,163,319,305,215
1609981200,512,141,90,116,407,225,186,251
1609981200,561,192,138,122,209,277,240,306
1609981200,430,115,77,105,169,190,140,169
1609981200,473,111,77,105,146,176,160,137
1609981200,368,80,46,80,111,113,101,95
1609981200,160,53,39,52,108,79,87,68
1609981200,97,22,20,36,84,46,33,27
1610067600,34,14,12,22,49,15,10,15
1610067600,46,13,11,24,55,11,12,13
1610067600,421,101,3,144,172,149,160,263
1610067600,102,34,19,27,23,56,59,34
1610067600,107,26,16,22,19,67,59,66
1610067600,349,95,58,69,59,170,148,110
1610067600,570,150,102,113,75,246,231,159
1610067600,648,163,106,125,367,258,215,261
1610067600,685,207,140,145,166,321,276,313
1610067600,840,181,124,144,1203,276,233,485
1610067600,622,223,163,191,207,366,344,239
1610067600,802,217,150,159,912,308,260,431
1610067600,568,164,113,118,227,235,214,203
1610067600,875,303,118,290,842,454,406,711
1610067600,658,183,125,171,220,317,291,215
1610067600,641,194,128,136,394,288,260,337
1610067600,632,139,88,141,242,227,212,199
1610067600,542,125,72,118,176,188,167,152
1610067600,391,87,71,102,171,158,168,93
1610067600,370,83,59,97,112,136,132,87
1610067600,205,39,34,54,144,78,70,73
1610067600,159,44,30,53,80,56,52,52
1610154000,39,15,10,25,66,15,17,15
1610154000,49,9,11,19,42,11,10,4
1610154000,42,11,8,14,28,14,14,13
1610154000,414,96,5,118,197,158,167,264
1610154000,112,27,24,27,22,46,51,17
1610154000,76,21,11,15,20,35,35,47
1610154000,278,66,47,55,33,106,94,81
1610154000,405,102,69,92,71,171,175,88
1610154000,579,142,86,106,266,225,219,228
1610154000,580,170,121,133,140,283,256,236
1610154000,1062,233,165,186,1164,388,336,540
1610154000,552,170,119,152,207,288,290,167
1610154000,688,163,101,118,786,231,197,354
1610154000,565,147,117,150,285,251,229,177
1610154000,694,219,87,228,671,311,275,537
1610154000,430,111,70,99,143,185,159,141
1610154000,371,120,71,93,377,158,125,238
1610154000,338,91,69,75,156,149,125,183
1610154000,252,64,56,56,134,104,76,91
1610154000,313,80,72,65,88,144,131,102
1610154000,141,46,26,35,69,64,56,33
1610154000,79,26,15,32,35,34,38,39
1610154000,68,17,11,23,44,30,24,18
1610240400,44,10,5,19,43,7,9,9
1610240400,374,58,5,70,159,89,80,143
1610240400,69,16,10,15,14,30,31,32
1610240400,64,18,13,14,11,32,34,23
1610240400,113,36,25,28,14,70,64,32
1610240400,258,45,34,34,273,71,64,125
1610240400,260,85,62,51,77,134,115,138
1610240400,437,93,64,59,853,129,104,329
1610240400,240,83,61,51,79,132,120,108
1610240400,349,82,56,49,618,96,69,238
1610240400,220,67,50,56,86,103,92,105
1610240400,302,85,34,87,645,112,92,343
1610240400,141,63,49,33,55,79,74,63
1610240400,235,61,38,37,261,80,68,187
1610240400,146,37,29,28,52,63,64,80
1610240400,83,26,17,19,58,37,20,55
1610240400,88,31,26,27,57,56,65,35
1610240400,69,15,12,19,24,26,21,19
1610240400,54,11,11,10,16,22,35,27
1610326800,315,46,8,69,195,72,76,113
1610326800,51,17,13,14,15,29,34,38
1610326800,89,22,9,15,9,32,33,33
1610326800,227,62,32,41,24,80,77,75
1610326800,320,66,45,54,208,99,95,134
1610326800,256,74,51,57,50,122,113,124
1610326800,348,80,47,46,743,98,68,291
1610326800,334,116,92,105,93,222,262,100
1610326800,214,52,39,43,404,84,67,184
1610326800,267,74,41,53,76,111,101,138
1610326800,418,135,45,137,343,196,210,338
1610326800,320,90,64,78,72,140,154,71
1610326800,370,86,64,61,248,129,121,207
1610326800,312,77,42,71,109,112,120,134
1610326800,332,75,46,67,76,104,113,76
1610326800,360,90,67,89,95,150,179,95
1610326800,178,50,28,46,63,81,66,58
1610326800,104,28,22,40,71,54,51,51
1610326800,112,24,18,34,66,42,37,28
1610413200,53,16,8,18,46,19,16,12
1610413200,366,136,7,171,139,189,206,330
1610413200,59,15,11,17,12,28,30,11
1610413200,160,29,23,25,23,50,51,67
1610413200,303,80,45,67,47,141,126,121
1610413200,497,123,78,105,59,212,213,145
1610413200,439,104,67,94,212,191,182,185
1610413200,549,153,90,124,135,261,236,233
1610413200,716,162,118,140,811,268,246,361
1610413200,618,184,124,147,156,324,324,216
1610413200,663,156,105,137,645,243,214,322
1610413200,587,155,94,142,177,255,217,309
1610413200,850,266,101,271,705,409,374,659
1610413200,715,193,142,195,175,371,407,247
1610413200,645,197,137,146,433,314,262,389
1610413200,726,190,126,158,225,282,262,323
1610413200,454,116,83,91,189,200,162,170
1610413200,480,135,84,121,161,226,210,183
1610413200,232,44,36,75,115,104,72,71
1610413200,204,48,41,58,107,95,83,119
1610413200,59,16,16,32,81,36,21,24
1610499600,85,30,19,32,51,31,34,52
1610499600,58,20,17,24,54,27,34,15
1610499600,353,122,10,145,167,213,215,373
1610499600,5,1,0,1,0,1,1,4
1610499600,109,30,26,27,31,57,54,41
1610499600,184,48,29,43,29,92,90,96
1610499600,430,107,64,87,50,166,150,128
1610499600,651,153,85,135,84,236,238,231
1610499600,545,134,88,112,172,221,196,195
1610499600,778,208,121,165,171,336,286,422
1610499600,661,163,118,127,825,254,221,363
1610499600,824,215,141,183,184,348,305,332
1610499600,590,143,102,122,623,244,194,310
1610499600,431,133,78,116,134,202,192,202
1610499600,754,268,88,297,749,398,374,728
1610499600,523,138,90,139,155,252,247,171
1610499600,362,96,61,90,312,170,139,181
1610499600,462,107,64,103,167,179,168,220
1610499600,372,98,67,94,159,154,136,146
1610499600,410,103,59,98,156,182,175,138
1610499600,202,53,25,56,87,76,72,75
1610499600,170,44,34,52,122,78,77,91
1610499600,72,19,15,36,65,34,22,31
1610586000,23,4,0,4,0,4,4,9
1610586000,62,19,16,22,59,19,13,21
1610586000,7,2,0,2,1,4,2,11
1610586000,444,140,9,176,187,209,238,385
1610586000,67,15,12,15,16,38,34,17
1610586000,187,43,23,39,25,79,76,113
1610586000,335,81,61,67,54,143,150,92
1610586000,500,132,71,109,85,211,192,203
1610586000,504,126,81,106,301,207,182,221
1610586000,704,196,111,162,159,320,277,382
1610586000,607,137,93,111,986,212,192,490
1610586000,596,161,112,177,147,291,305,206
1610586000,553,110,65,119,516,178,174,273
1610586000,501,135,71,122,119,204,181,248
1610586000,818,270,64,309,616,411,384,689
1610586000,454,134,69,133,161,225,216,174
1610586000,463,118,72,96,274,184,170,253
1610586000,460,110,67,113,140,182,184,188
1610586000,280,72,47,70,131,91,86,95
1610586000,314,85,56,99,112,152,166,86
1610586000,188,43,37,56,93,72,64,49
1610586000,149,31,19,48,75,73,79,78
1610586000,79,16,14,27,56,29,24,15
1610672400,53,13,6,24,33,16,20,12
1610672400,59,16,9,27,36,25,23,25
1610672400,418,131,6,169,162,204,219,354
1610672400,0,0,0,0,0,1,0,1
1610672400,85,17,15,20,16,38,40,12
1610672400,200,36,25,32,23,61,50,75
1610672400,295,61,35,60,26,114,109,79
1610672400,439,94,59,90,54,168,156,120
1610672400,521,134,75,121,270,234,204,228
1610672400,456,98,62,92,89,177,173,174
1610672400,626,128,83,115,777,196,164,322
1610672400,522,139,102,143,195,264,278,129
1610672400,540,102,64,102,587,168,138,286
1610672400,568,132,66,145,138,211,192,256
1610672400,804,255,55,274,601,386,371,663
1610672400,589,134,73,140,145,235,224,172
1610672400,398,108,57,90,221,158,148,196
1610672400,562,126,65,129,143,206,206,251
1610672400,401,89,66,99,125,144,151,88
1610672400,410,86,53,93,140,151,138,147
1610672400,238,43,31,60,91,72,64,51
1610672400,242,45,28,66,131,77,83,131
1610672400,70,20,20,36,83,53,40,30
1610758800,64,18,9,21,37,20,20,35
1610758800,35,6,10,19,49,13,13,20
1610758800,410,132,3,175,161,208,222,369
1610758800,8,2,0,2,1,3,2,8
1610758800,68,19,12,14,14,32,32,14
1610758800,85,19,13,16,8,35,29,49
1610758800,216,41,26,41,30,78,69,62
1610758800,372,89,46,76,54,139,131,140
1610758800,421,94,66,74,194,146,148,134
1610758800,582,137,78,127,80,228,242,275
1610758800,569,100,66,96,852,188,171,336
1610758800,564,137,81,134,126,227,226,202
1610758800,578,108,65,105,646,196,160,289
1610758800,535,125,83,124,128,213,228,201
1610758800,823,256,54,294,583,365,356,666
1610758800,328,85,45,103,105,147,137,128
1610758800,291,77,47,80,224,126,116,155
1610758800,273,63,31,69,154,109,104,145
1610758800,136,36,24,43,71,66,55,55
1610758800,200,42,29,50,79,74,85,52
1610758800,119,30,17,33,43,45,41,33
1610758800,109,24,15,28,37,46,52,63
1610845200,54,17,14,24,54,27,29,20
1610845200,1,1,1,1,1,2,1,9
1610845200,299,72,1,101,180,102,104,184
1610845200,14,2,0,2,0,2,2,4
1610845200,101,23,12,23,15,43,42,61
1610845200,68,18,9,12,6,36,25,30
1610845200,200,44,23,41,17,76,77,70
1610845200,154,31,22,28,177,54,52,82
1610845200,326,73,32,66,61,123,121,174
1610845200,274,40,34,44,606,72,73,201
1610845200,273,62,40,68,38,116,142,103
1610845200,206,29,32,36,540,45,41,173
1610845200,222,46,27,48,51,76,78,106
1610845200,392,128,17,143,453,156,168,379
1610845200,147,55,27,39,34,72,82,47
1610845200,150,37,24,40,174,60,50,130
1610845200,99,25,15,25,29,39,44,49
1610845200,68,16,12,14,35,32,29,23
1610845200,153,37,21,38,20,71,89,53
1610845200,71,14,11,15,19,19,19,12
1610845200,42,8,1,8,2,10,9,35
1610931600,26,14,7,17,63,13,14,27
1610931600,20,4,0,4,0,5,4,15
1610931600,356,76,7,101,132,120,135,199
1610931600,86,22,12,18,11,36,43,49
1610931600,94,22,15,20,8,44,41,30
1610931600,279,62,32,52,20,87,90,104
1610931600,169,50,34,43,195,83,83,119
1610931600,444,331,287,55,414,505,105,929
1610931600,185,30,26,22,638,51,44,197
1610931600,351,86,54,77,50,148,170,112
1610931600,239,63,34,46,425,73,65,184
1610931600,256,69,34,54,58,109,102,140
1610931600,440,143,31,160,374,189,191,366
1610931600,448,112,71,107,159,172,197,114
1610931600,277,61,31,55,175,94,85,163
1610931600,283,79,51,72,102,138,163,125
1610931600,243,68,47,64,88,108,100,85
1610931600,280,63,51,67,115,124,143,71
1610931600,98,22,13,36,67,43,37,31
1610931600,178,42,16,48,101,58,65,84
1610931600,42,15,9,26,35,17,12,14
1611018000,32,7,8,26,44,14,11,17
1611018000,0,0,0,0,0,0,0,2
1611018000,365,140,6,166,138,179,220,355
1611018000,70,19,13,17,13,31,32,13
1611018000,178,36,22,37,25,72,71,78
1611018000,353,73,41,71,34,148,134,103
1611018000,510,112,50,104,47,187,171,206
1611018000,539,119,80,112,274,218,200,221
1611018000,711,178,116,156,150,311,269,352
1611018000,614,154,105,128,758,272,236,355
1611018000,616,174,112,163,140,316,311,218
1611018000,610,141,104,143,503,263,199,303
1611018000,472,112,79,116,169,192,179,234
1611018000,913,287,98,309,573,428,428,687
1611018000,711,173,123,178,168,313,326,228
1611018000,473,124,93,105,308,222,207,231
1611018000,594,156,104,128,214,258,226,288
1611018000,350,97,73,95,179,165,151,128
1611018000,386,102,58,101,169,170,155,134
1611018000,216,59,41,71,106,97,97,57
1611018000,105,30,29,35,144,71,62,99
1611018000,56,23,17,30,59,31,13,20
1611104400,52,16,9,20,48,19,13,32
1611104400,59,20,12,21,26,24,26,27
1611104400,411,118,4,130,153,176,187,286
1611104400,51,14,11,17,18,21,14,23
1611104400,139,32,21,28,20,61,53,76
1611104400,301,89,55,73,76,163,148,109
1611104400,583,128,67,123,57,235,215,235
1611104400,416,102,66,82,233,177,152,174
1611104400,648,176,91,143,140,275,253,331
1611104400,518,104,79,97,843,186,150,338
1611104400,674,155,94,158,137,296,278,264
1611104400,539,122,84,110,631,199,170,300
1611104400,622,162,101,137,142,242,238,235
1611104400,816,242,77,303,627,399,369,670
1611104400,634,143,107,157,116,277,288,203
1611104400,511,137,78,128,379,188,172,300
1611104400,382,94,68,96,102,153,144,187
1611104400,322,90,59,87,126,117,107,137
1611104400,415,94,69,98,174,195,192,155
1611104400,127,30,24,52,76,62,56,43
1611104400,124,33,21,39,81,70,70,81
1611104400,53,17,18,18,45,26,21,14
1611190800,24,5,1,4,1,5,4,12
1611190800,35,11,15,17,63,19,15,15
1611190800,0,2,1,1,1,2,1,7
1611190800,402,119,2,167,178,219,225,372
1611190800,64,15,9,17,7,32,27,29
1611190800,107,30,14,22,15,48,48,75
1611190800,325,81,47,69,44,131,130,91
1611190800,543,128,81,106,70,204,183,190
1611190800,379,97,61,81,226,161,133,182
1611190800,649,157,97,146,120,278,251,363
1611190800,537,104,65,106,823,161,124,353
1611190800,667,163,84,143,106,270,264,228
1611190800,472,111,62,106,530,187,149,280
1611190800,563,141,83,126,129,223,210,241
1611190800,725,222,61,264,575,346,314,655
1611190800,429,109,73,108,118,221,237,165
1611190800,433,121,71,106,299,160,145,234
1611190800,491,114,60,108,92,190,193,232
1611190800,319,71,50,74,129,127,113,92
1611190800,381,96,59,93,122,146,144,111
1611190800,217,59,38,58,94,89,77,69
1611190800,152,33,21,45,103,67,81,83
1611190800,101,20,12,37,55,32,21,39
1611277200,77,16,7,20,50,17,16,20
1611277200,4,1,0,1,0,2,1,5
1611277200,388,131,7,184,185,230,243,412
1611277200,10,4,1,3,2,5,3,11
1611277200,86,16,11,17,11,26,22,23
1611277200,91,27,16,23,14,59,57,66
1611277200,315,74,38,55,37,106,101,107
1611277200,413,98,53,88,53,161,159,136
1611277200,449,96,64,86,237,173,164,173
1611277200,532,130,66,111,118,234,214,295
1611277200,617,110,75,118,785,190,168,342
1611277200,548,137,81,129,115,231,219,209
1611277200,424,93,64,87,514,156,134,208
1611277200,460,117,72,106,142,206,195,234
1611277200,728,231,48,296,566,354,333,663
1611277200,436,115,62,111,91,203,222,145
1611277200,376,96,51,88,280,141,125,218
1611277200,375,88,51,88,91,172,176,172
1611277200,277,60,40,66,101,108,107,85
1611277200,396,90,55,99,72,166,170,117
1611277200,163,34,24,48,90,67,67,50
1611277200,173,30,21,38,60,66,75,57
1611277200,41,11,10,23,59,21,15,16
1611363600,22,4,0,4,0,4,4,10
1611363600,57,15,16,25,62,23,32,17
1611363600,0,0,0,0,0,0,0,4
1611363600,406,134,6,163,155,214,237,380
1611363600,3,1,0,1,1,2,1,4
1611363600,50,12,9,16,13,24,23,9
1611363600,74,14,10,14,10,37,40,33
1611363600,150,41,22,31,25,69,61,64
1611363600,400,95,55,83,49,154,145,140
1611363600,323,79,57,69,219,157,134,155
1611363600,537,120,63,105,72,202,213,246
1611363600,780,152,79,139,775,261,224,408
1611363600,659,180,97,153,138,267,265,248
1611363600,457,100,69,90,571,174,165,252
1611363600,446,110,76,108,142,202,179,197
1611363600,615,241,47,265,543,328,325,617
1611363600,341,100,56,102,113,144,139,115
1611363600,231,57,42,65,217,109,85,122
1611363600,274,57,28,54,70,96,107,130
1611363600,120,34,24,34,70,53,43,41
1611363600,126,30,19,43,58,72,89,44
1611363600,45,11,9,20,24,25,20,14
1611363600,89,20,9,24,29,38,40,59
1611450000,8,2,0,2,0,3,2,7
1611450000,31,11,9,16,35,19,10,18
1611450000,2,1,1,1,1,2,1,4
1611450000,364,88,0,121,137,137,146,242
1611450000,10,2,0,2,0,3,2,7
1611450000,9,2,0,2,0,3,2,23
1611450000,137,22,18,24,16,54,51,29
1611450000,171,43,24,37,30,74,68,80
1611450000,139,30,20,25,197,56,58,88
1611450000,221,54,24,51,35,94,102,140
1611450000,332,40,28,37,734,53,46,253
1611450000,230,53,32,54,46,116,135,96
1611450000,225,31,23,32,395,54,55,146
1611450000,278,64,33,59,46,122,111,144
1611450000,370,130,21,157,400,180,180,401
1611450000,267,64,37,64,67,109,121,100
1611450000,174,36,27,31,167,62,57,116
1611450000,182,42,24,35,42,74,74,143
1611450000,67,40,37,18,47,31,26,34
1611450000,114,32,20,33,34,63,69,42
1611450000,54,12,10,13,27,21,17,11
1611450000,73,21,12,16,31,32,32,40
1611536400,4,1,0,1,0,1,1,4
1611536400,0,0,0,0,0,0,0,6
1611536400,404,106,9,143,145,150,136,251
1611536400,3,1,0,1,1,2,1,4
1611536400,91,24,10,21,8,38,48,44
1611536400,183,45,26,36,27,68,79,68
1611536400,157,36,25,25,170,63,58,78
1611536400,308,79,30,63,45,131,116,178
1611536400,193,29,19,23,602,53,43,218
1611536400,200,61,35,52,45,100,106,91
1611536400,210,36,28,36,338,58,53,131
1611536400,162,34,19,35,62,64,63,107
1611536400,466,153,25,157,315,186,198,381
1611536400,263,67,52,79,48,156,200,76
1611536400,226,67,48,54,123,85,90,111
1611536400,368,90,46,75,119,127,149,147
1611536400,295,64,47,63,96,101,119,82
1611536400,247,56,40,69,134,115,151,65
1611536400,195,43,29,41,66,71,62,41
1611536400,84,22,20,28,103,42,48,58
1611536400,31,11,11,14,46,20,13,7
1611622800,8076,1878,1014,1887,3508,3148,3056,3559
1611709200,31,6,0,6,0,6,6,18
1611709200,39,8,11,17,47,29,18,15
1611709200,5,1,0,1,0,1,1,9
1611709200,371,121,7,150,156,168,191,334
1611709200,4,1,0,1,0,2,1,4
1611709200,98,22,17,17,10,34,32,21
1611709200,166,38,29,35,22,72,76,59
1611709200,370,80,50,66,47,135,124,118
1611709200,475,107,55,88,48,177,169,151
1611709200,436,106,62,88,70,159,138,129
1611709200,612,152,91,117,283,244,233,367
1611709200,494,89,65,92,681,129,131,260
1611709200,413,116,81,116,110,216,222,124
1611709200,493,94,52,79,398,149,128,232
1611709200,415,111,54,100,94,200,172,209
1611709200,652,206,49,250,447,318,305,575
1611709200,329,82,56,84,72,152,147,127
1611709200,483,119,69,84,186,158,144,179
1611709200,490,101,58,99,117,175,190,189
1611709200,378,87,61,87,97,150,150,120
1611709200,360,89,63,100,133,176,191,121
1611709200,229,45,25,55,86,74,61,59
1611709200,193,50,31,49,125,78,77,121
1611709200,93,24,15,24,50,27,24,26
1611795600,7,3,1,1,1,3,2,7
1611795600,29,9,10,19,57,15,10,10
1611795600,0,0,0,0,0,0,0,5
1611795600,384,94,3,110,139,161,164,256
1611795600,89,21,12,19,14,34,36,23
1611795600,142,30,18,23,20,54,54,68
1611795600,396,94,59,82,55,151,153,111
1611795600,453,97,66,94,48,169,183,108
1611795600,359,77,45,74,45,135,121,116
1611795600,418,98,56,90,204,176,156,236
1611795600,464,72,46,77,626,96,78,228
1611795600,449,114,81,109,116,220,243,116
1611795600,420,94,64,82,447,149,149,208
1611795600,370,86,50,86,78,161,138,211
1611795600,574,179,39,220,389,283,257,466
1611795600,390,94,53,97,89,152,160,129
1611795600,444,118,75,93,188,183,184,230
1611795600,396,94,47,94,72,141,155,192
1611795600,291,57,36,60,56,100,96,61
1611795600,381,85,59,92,146,176,205,92
1611795600,187,36,34,43,61,55,59,35
1611795600,132,27,15,32,94,58,69,82
1611795600,26,8,6,17,53,14,13,15
1611882000,13,5,1,3,1,4,3,14
1611882000,28,13,5,15,86,15,12,22
1611882000,374,161,1,183,123,219,248,432
1611882000,56,15,8,11,6,27,23,21
1611882000,182,39,27,35,23,85,101,80
1611882000,298,63,42,55,27,127,117,84
1611882000,433,95,60,88,41,171,184,114
1611882000,359,86,47,68,191,135,125,138
1611882000,619,138,80,128,137,233,226,274
1611882000,467,82,56,80,688,131,123,263
1611882000,455,108,78,101,110,179,194,127
1611882000,389,72,50,72,402,127,118,186
1611882000,404,90,47,84,100,144,132,166
1611882000,461,166,41,195,402,242,222,462
1611882000,357,82,50,83,85,135,126,94
1611882000,386,82,54,68,188,132,124,185
1611882000,405,82,49,90,58,143,150,162
1611882000,292,68,49,64,99,98,92,68
1611882000,344,86,53,93,80,185,223,98
1611882000,133,29,22,44,80,61,60,46
1611882000,158,38,30,52,77,69,69,68
1611882000,37,14,11,23,51,20,9,27
1611968400,53,14,8,19,34,23,27,17
1611968400,3,2,1,1,2,3,1,6
1611968400,356,109,10,134,175,172,190,284
1611968400,6,1,0,1,0,1,1,3
1611968400,72,19,10,17,14,32,28,27
1611968400,105,19,11,15,12,36,34,49
1611968400,257,54,35,47,30,93,103,49
1611968400,361,84,47,80,30,143,150,125
1611968400,355,81,55,65,132,146,133,123
1611968400,500,102,68,102,100,205,218,207
1611968400,522,92,63,96,644,152,139,274
1611968400,575,127,77,118,136,230,232,173
1611968400,379,71,47,85,401,139,103,189
1611968400,492,107,56,109,124,187,187,204
1611968400,526,172,37,202,320,263,250,405
1611968400,274,58,43,75,86,117,117,86
1611968400,242,72,48,67,195,123,108,181
1611968400,292,54,36,60,124,107,104,158
1611968400,122,26,22,26,50,44,32,44
1611968400,148,34,26,32,36,58,67,30
1611968400,64,13,7,16,26,23,19,16
1611968400,78,16,8,14,25,24,25,48
1612054800,46,12,8,15,38,17,22,7
1612054800,4,1,0,1,0,2,1,8
1612054800,277,75,2,110,140,115,111,195
1612054800,56,17,12,9,12,31,30,49
1612054800,75,18,11,16,6,26,23,17
1612054800,105,23,9,21,11,43,40,43
1612054800,167,31,19,28,130,59,62,68
1612054800,240,49,24,49,28,92,91,146
1612054800,223,27,24,31,451,60,67,154
1612054800,164,50,34,48,42,89,77,71
1612054800,125,21,18,22,290,38,44,94
1612054800,205,52,26,41,47,92,82,129
1612054800,366,99,27,117,261,155,163,279
1612054800,222,46,26,50,53,90,100,77
1612054800,92,37,20,22,126,50,45,91
1612054800,172,41,15,41,82,65,69,113
1612054800,58,17,9,22,37,31,24,26
1612054800,88,17,13,18,67,33,46,15
1612054800,74,14,10,17,33,28,33,44
1612141200,5,1,0,1,0,1,1,3
1612141200,5,1,0,1,0,1,1,4
1612141200,268,79,6,95,118,110,116,192
1612141200,11,2,0,2,0,2,2,7
1612141200,81,14,11,13,10,23,26,41
1612141200,102,13,10,14,2,14,11,15
1612141200,156,37,19,32,13,61,59,67
1612141200,163,28,21,24,119,50,63,50
1612141200,186,57,30,47,32,95,94,128
1612141200,209,39,20,30,471,45,38,167
1612141200,208,61,39,53,45,107,124,68
1612141200,178,30,17,23,272,45,36,124
1612141200,180,45,27,37,54,76,90,88
1612141200,375,115,30,114,293,146,144,268
1612141200,389,97,63,87,99,169,175,132
1612141200,291,67,44,57,150,124,113,177
1612141200,223,52,43,47,53,87,114,80
1612141200,258,60,33,55,63,94,102,67
1612141200,318,75,47,71,69,134,163,98
1612141200,101,25,23,27,50,43,40,29
1612141200,101,30,18,22,59,47,47,67
1612227600,50,14,12,23,64,24,21,28
1612227600,281,108,6,131,112,143,161,254
1612227600,56,14,12,12,9,21,23,6
1612227600,144,28,19,24,13,52,58,70
1612227600,290,63,41,52,26,105,114,67
1612227600,370,91,52,71,43,147,156,107
1612227600,515,111,75,97,191,180,184,157
1612227600,411,115,67,93,104,202,184,239
1612227600,438,90,63,80,610,142,146,248
1612227600,460,117,77,117,139,227,220,164
1612227600,485,100,63,96,403,167,157,191
1612227600,322,87,52,75,85,148,133,126
1612227600,527,160,47,174,365,246,221,397
1612227600,642,157,104,159,127,305,351,173
1612227600,380,85,61,68,203,130,117,178
1612227600,322,85,54,68,106,148,133,166
1612227600,291,65,45,72,99,127,110,94
1612227600,280,60,52,73,81,101,108,46
1612227600,125,32,24,36,63,65,57,29
1612227600,75,19,13,34,72,28,28,27
1612227600,83,17,17,33,58,31,26,13
1612314000,4,1,0,1,1,2,1,3
1612314000,42,11,16,20,59,21,20,17
1612314000,251,85,2,97,95,126,130,220
1612314000,103,17,12,21,11,36,40,18
1612314000,152,39,24,36,21,73,73,69
1612314000,314,62,45,61,36,128,127,80
1612314000,380,84,54,76,53,159,153,137
1612314000,319,61,46,67,148,112,108,92
1612314000,498,114,70,97,111,211,201,197
1612314000,504,90,64,79,578,149,137,230
1612314000,474,128,79,124,91,239,240,174
1612314000,398,78,54,82,407,134,107,192
1612314000,316,61,40,63,86,129,119,137
1612314000,584,171,47,203,442,275,261,459
1612314000,464,106,77,115,91,213,217,146
1612314000,339,86,58,65,184,119,130,183
1612314000,291,63,47,73,114,123,117,133
1612314000,251,63,46,61,99,95,90,71
1612314000,459,98,60,100,100,185,206,143
1612314000,226,46,26,52,58,70,61,57
1612314000,93,18,15,22,68,49,45,72
1612314000,44,16,13,17,47,27,21,12
1612400400,0,0,0,0,0,0,0,2
1612400400,24,11,11,23,67,24,7,16
1612400400,2,1,1,1,1,2,1,10
1612400400,297,78,10,103,135,131,153,229
1612400400,230,49,36,43,28,90,107,61
1612400400,431,103,61,84,48,173,164,128
1612400400,308,81,52,72,44,155,134,141
1612400400,514,99,63,91,171,151,153,144
1612400400,429,104,71,92,111,173,183,194
1612400400,391,76,46,64,548,108,107,209
1612400400,461,101,62,105,95,198,194,145
1612400400,317,64,35,60,355,101,79,166
1612400400,367,89,57,83,124,158,147,131
1612400400,466,142,43,163,384,216,212,389
1612400400,432,109,49,95,69,175,174,180
1612400400,309,71,51,74,198,114,113,183
1612400400,261,68,42,62,89,121,136,130
1612400400,218,51,35,57,84,91,86,63
1612400400,328,67,51,90,86,178,232,77
1612400400,152,32,17,41,64,45,42,36
1612400400,123,36,22,39,84,63,64,54
1612400400,61,16,9,23,47,20,20,19
1612573200,8,2,0,2,0,3,2,7
1612573200,39,13,8,17,44,27,14,6
1612573200,268,53,7,66,138,89,94,125
1612573200,86,17,15,17,17,35,36,17
1612573200,10,4,1,3,1,5,3,21
1612573200,155,31,19,31,25,82,70,58
1612573200,264,57,32,51,28,98,97,75
1612573200,290,55,42,53,171,115,124,80
1612573200,366,76,57,72,69,152,172,128
1612573200,458,86,49,69,574,131,131,224
1612573200,513,103,60,117,90,197,181,188
1612573200,541,94,70,105,404,165,162,173
1612573200,239,56,37,69,117,109,100,114
1612573200,351,93,41,110,346,159,131,293
1612573200,339,81,42,90,132,139,126,128
1612573200,252,62,39,55,189,98,99,141
1612573200,187,51,30,47,137,94,101,75
1612573200,194,34,24,37,70,63,62,53
1612573200,172,42,25,42,71,76,80,62
1612573200,34,14,8,8,37,16,12,14
1612573200,81,13,7,16,34,24,25,41
1612659600,59,18,8,17,38,20,19,22
1612659600,3,1,0,1,1,2,1,6
1612659600,217,33,3,45,129,65,68,101
1612659600,7,1,0,1,0,1,1,13
1612659600,94,16,17,17,16,38,46,18
1612659600,124,25,15,29,12,46,68,39
1612659600,122,21,11,15,100,31,28,56
1612659600,127,25,18,24,23,49,58,70
1612659600,180,27,14,23,423,48,43,164
1612659600,204,46,26,52,24,87,94,91
1612659600,97,14,10,10,250,21,18,82
1612659600,150,31,20,25,43,48,55,67
1612659600,363,116,19,146,188,149,160,282
1612659600,92,26,10,21,16,32,22,20
1612659600,183,52,26,44,69,88,92,116
1612659600,103,18,9,23,60,38,40,67
1612659600,148,36,29,45,67,86,116,43
1612659600,73,19,12,16,16,24,27,37
1612746000,35,6,0,6,0,7,6,16
1612746000,0,0,0,0,0,0,0,5
1612746000,132,36,6,53,110,55,60,78
1612746000,5,1,0,1,0,1,1,4
1612746000,10,2,0,2,0,3,2,21
1612746000,124,25,20,25,12,47,53,27
1612746000,177,39,21,34,14,66,82,55
1612746000,66,13,10,12,44,25,27,21
1612746000,92,27,17,24,24,45,55,23
1612746000,103,18,11,19,132,31,34,89
1612746000,190,49,27,54,24,100,116,76
1612746000,92,14,14,15,143,31,22,56
1612746000,67,23,15,13,14,29,34,13
1612746000,283,78,20,81,115,116,121,211
1612746000,220,62,42,62,26,122,156,70
1612746000,244,54,30,41,61,79,83,104
1612746000,231,43,22,50,99,90,101,100
1612746000,176,42,25,35,46,63,58,55
1612746000,222,61,38,64,47,122,148,79
1612746000,70,14,11,21,35,28,28,21
1612746000,113,27,14,26,70,39,45,49
1612832400,50,11,12,15,44,20,19,13
1612832400,0,0,0,0,0,0,0,6
1612832400,119,41,4,66,23,68,81,130
1612832400,123,23,16,25,17,56,47,61
1612832400,185,37,27,39,25,72,78,37
1612832400,269,59,38,53,33,111,99,90
1612832400,289,65,38,57,38,109,116,65
1612832400,402,85,47,78,160,140,155,185
1612832400,408,77,55,69,471,128,130,195
1612832400,415,108,64,101,86,197,197,152
1612832400,250,40,33,57,277,75,72,109
1612832400,256,69,47,67,94,124,130,134
1612832400,516,135,58,158,307,229,253,349
1612832400,389,87,64,89,82,184,207,85
1612832400,348,88,60,71,221,154,144,190
1612832400,259,63,39,55,125,129,122,117
1612832400,207,43,36,61,95,77,80,53
1612832400,189,51,42,62,81,124,164,46
1612832400,104,22,14,27,66,29,29,21
1612832400,50,19,14,21,61,30,33,44
1612918800,51,14,13,21,51,20,18,21
1612918800,4,1,0,1,0,1,1,5
1612918800,184,48,4,57,97,81,84,126
1612918800,3,1,0,1,1,2,1,4
1612918800,111,19,17,20,17,45,52,37
1612918800,260,52,38,49,27,90,88,51
1612918800,332,81,42,71,39,128,126,112
1612918800,276,59,39,57,172,117,118,105
1612918800,308,74,54,61,78,126,153,126
1612918800,319,67,56,64,407,136,122,158
1612918800,381,101,62,103,77,192,200,147
1612918800,317,63,37,56,391,105,85,158
1612918800,215,53,36,54,112,101,114,84
1612918800,452,111,41,115,450,180,170,322
1612918800,388,100,61,97,86,180,186,127
1612918800,322,73,44,70,217,116,109,156
1612918800,347,77,45,72,91,139,137,136
1612918800,258,61,45,61,103,100,96,90
1612918800,253,58,46,84,70,146,178,83
1612918800,166,38,28,39,59,57,58,41
1612918800,98,30,20,28,42,44,49,54
1613005200,51,15,8,26,57,22,14,26
1613005200,3,1,0,1,1,2,1,9
1613005200,264,52,5,74,98,86,101,148
1613005200,0,0,0,0,0,1,0,0
1613005200,118,25,15,24,14,50,45,54
1613005200,205,47,27,40,23,79,81,58
1613005200,406,85,48,78,35,158,159,121
1613005200,368,73,44,67,173,140,137,132
1613005200,296,65,50,56,61,120,139,107
1613005200,433,73,51,75,621,140,123,236
1613005200,382,92,60,83,99,148,161,110
1613005200,311,43,27,50,426,75,73,158
1613005200,332,78,48,72,105,121,110,133
1613005200,457,108,29,112,476,146,135,329
1613005200,332,87,55,99,117,181,209,137
1613005200,311,75,55,71,172,119,130,144
1613005200,288,70,38,69,72,134,132,140
1613005200,240,45,28,49,54,86,75,73
1613005200,295,74,52,84,63,179,216,83
1613005200,132,43,27,44,73,67,65,32
1613005200,114,26,10,29,99,42,40,63
1613005200,27,15,6,9,56,18,13,14
1613091600,20,4,1,4,1,5,4,17
1613091600,54,13,12,20,41,27,18,26
1613091600,173,27,2,32,116,48,58,89
1613091600,0,0,0,0,0,0,1,1
1613091600,54,13,9,11,10,21,21,11
1613091600,164,36,27,31,22,64,78,51
1613091600,237,48,28,45,28,85,85,58
1613091600,342,79,47,70,37,126,149,93
1613091600,201,37,29,39,125,66,76,53
1613091600,351,76,52,74,72,141,153,140
1613091600,461,72,49,71,484,108,121,175
1613091600,515,125,81,119,109,235,249,158
1613091600,308,46,34,47,350,66,70,129
1613091600,246,62,36,60,91,108,102,107
1613091600,312,83,44,96,382,162,129,255
1613091600,512,112,78,126,129,233,273,121
1613091600,331,68,38,64,215,110,109,182
1613091600,329,65,52,68,84,123,141,107
1613091600,212,44,20,51,78,69,59,64
1613091600,282,67,43,78,75,155,192,90
1613091600,208,43,21,48,82,56,62,46
1613091600,121,26,21,24,68,43,45,45
1613091600,62,11,4,16,44,25,15,25
1613178000,1,1,0,0,0,0,0,0
1613178000,16,8,7,21,39,18,11,23
1613178000,223,74,2,106,100,125,123,212
1613178000,101,18,14,18,17,44,43,34
1613178000,96,19,9,20,13,37,37,34
1613178000,229,45,27,43,24,78,86,64
1613178000,249,51,29,42,109,88,81,85
1613178000,451,94,66,77,74,183,186,161
1613178000,415,65,38,61,469,117,101,198
1613178000,328,81,53,70,126,134,121,126
1613178000,350,67,54,78,378,119,121,155
1613178000,330,80,40,63,106,123,104,143
1613178000,350,103,37,112,314,151,160,257
1613178000,266,66,46,76,89,129,132,87
1613178000,203,54,42,48,130,87,83,105
1613178000,178,45,26,34,90,76,73,103
1613178000,155,42,29,40,52,67,72,41
1613178000,158,42,28,44,73,96,114,47
1613178000,39,18,8,17,28,18,14,18
1613178000,0,0,0,0,0,0,0,9
1613178000,69,12,12,11,65,27,26,15
1613264400,0,0,1,0,1,1,0,0
1613264400,0,0,0,0,0,0,0,4
1613264400,150,27,7,28,106,41,42,55
1613264400,0,0,0,0,0,0,0,12
1613264400,68,16,7,14,11,30,30,27
1613264400,125,31,17,30,15,41,50,45
1613264400,139,27,14,23,134,36,39,66
1613264400,121,30,16,23,28,47,46,56
1613264400,207,22,14,27,370,34,40,135
1613264400,220,52,28,48,53,87,87,76
1613264400,122,20,12,19,306,23,27,101
1613264400,126,31,13,28,61,55,52,95
1613264400,160,43,13,37,157,53,47,108
1613264400,200,48,19,47,40,79,73,87
1613264400,74,18,11,13,76,37,38,91
1613264400,156,32,16,24,47,44,49,76
1613264400,68,13,7,12,22,15,16,16
1613264400,55,10,7,15,2,35,45,22
1613264400,55,9,5,12,58,14,7,10
1613264400,16,3,0,3,0,3,3,11
1613350800,6,1,0,1,0,1,1,15
1613350800,133,24,4,32,114,46,63,90
1613350800,6,1,0,1,0,1,1,13
1613350800,71,17,10,13,14,32,29,30
1613350800,189,45,15,37,16,63,57,85
1613350800,137,32,23,33,73,58,57,56
1613350800,196,49,30,39,24,75,77,84
1613350800,159,31,18,21,368,35,36,133
1613350800,197,59,41,59,71,111,120,83
1613350800,156,39,31,31,244,62,53,112
1613350800,184,49,27,38,85,66,63,105
1613350800,238,57,28,59,158,88,88,136
1613350800,407,92,56,88,58,154,188,103
1613350800,317,73,48,64,101,107,110,122
1613350800,254,54,36,54,60,83,112,82
1613350800,226,52,33,49,53,89,90,54
1613350800,189,47,28,48,59,110,134,56
1613350800,141,24,12,34,59,46,47,25
1613350800,40,10,8,11,39,29,39,40
1613437200,87,20,7,22,47,30,30,30
1613437200,6,1,0,1,0,1,1,6
1613437200,133,22,6,34,81,58,61,81
1613437200,5,1,0,1,0,1,1,4
1613437200,82,15,9,16,14,29,29,17
1613437200,104,18,13,17,8,34,39,42
1613437200,307,65,38,56,25,101,87,83
1613437200,422,97,47,84,40,154,141,155
1613437200,320,60,44,59,148,107,103,94
1613437200,350,81,50,74,88,167,170,151
1613437200,419,83,50,71,450,120,111,195
1613437200,488,125,81,122,98,245,283,160
1613437200,433,94,59,86,289,164,142,175
1613437200,363,84,54,68,97,142,149,170
1613437200,433,115,46,113,327,178,163,259
1613437200,413,106,63,98,90,184,188,148
1613437200,331,74,53,62,229,127,122,200
1613437200,433,103,63,87,115,162,173,146
1613437200,255,57,34,54,88,89,85,80
1613437200,189,54,36,51,72,90,84,73
1613437200,183,47,28,41,94,68,57,50
1613437200,279,63,41,67,97,128,144,120
1613437200,73,20,14,11,49,14,18,6
1613523600,40,12,8,13,32,13,15,8
1613523600,0,0,0,0,1,1,1,9
1613523600,212,31,7,37,107,62,61,96
1613523600,141,26,17,22,16,43,43,24
1613523600,114,31,17,24,20,65,56,76
1613523600,216,55,42,43,36,95,94,60
1613523600,418,89,54,82,41,144,141,120
1613523600,310,61,37,54,110,112,98,90
1613523600,376,117,67,95,81,207,212,212
1613523600,381,84,50,69,583,133,126,234
1613523600,404,98,60,92,99,173,193,120
1613523600,299,74,43,52,408,103,93,167
1613523600,308,86,41,64,111,134,134,179
1613523600,269,43,35,47,358,76,67,149
1613523600,462,133,59,157,68,239,270,242
1613523600,293,74,41,52,181,110,111,195
1613523600,349,81,45,76,54,144,155,149
1613523600,247,53,31,48,85,77,78,58
1613523600,336,73,52,75,170,154,174,97
1613523600,127,35,18,34,55,48,46,28
1613523600,110,20,16,25,80,41,45,75
1613523600,44,12,4,17,42,18,14,14
1613610000,0,0,0,0,0,0,0,1
1613610000,0,0,0,0,0,0,0,6
1613610000,171,39,7,50,188,55,57,90
1613610000,58,16,11,14,6,30,30,20
1613610000,81,13,8,13,11,26,28,36
1613610000,247,52,35,50,14,84,88,48
1613610000,392,88,46,77,37,142,138,128
1613610000,323,66,41,58,167,114,105,107
1613610000,435,107,66,88,73,181,177,197
1613610000,410,71,44,70,567,121,113,222
1613610000,300,75,48,77,69,151,169,99
1613610000,395,68,44,76,463,114,107,196
1613610000,349,83,52,75,97,138,150,171
1613610000,434,98,34,100,433,165,133,304
1613610000,358,82,65,90,63,170,205,86
1613610000,270,54,36,56,222,96,100,168
1613610000,346,90,59,83,105,149,142,133
1613610000,358,70,39,75,79,109,95,121
1613610000,224,51,38,64,49,136,174,73
1613610000,176,39,18,45,67,61,64,50
1613610000,95,27,11,34,62,51,50,69
1613610000,52,21,12,15,29,22,20,15
1613696400,5,1,0,1,0,1,1,4
1613696400,57,14,11,16,55,22,26,21
1613696400,193,36,0,44,107,51,51,85
1613696400,79,16,10,14,12,25,25,20
1613696400,170,32,22,28,16,62,79,55
1613696400,276,68,36,52,27,102,90,74
1613696400,515,108,50,93,30,163,166,184
1613696400,295,58,31,52,165,104,96,98
1613696400,350,72,46,74,87,164,159,170
1613696400,373,84,48,77,400,144,127,195
1613696400,380,104,75,106,100,224,255,111
1613696400,395,63,40,58,498,106,93,200
1613696400,279,57,42,55,110,125,141,128
1613696400,572,123,48,128,511,202,198,339
1613696400,378,89,49,88,73,171,171,127
1613696400,538,103,66,96,233,163,171,222
1613696400,401,89,48,84,78,158,160,150
1613696400,307,60,34,67,78,98,98,84
1613696400,318,81,56,91,79,164,203,86
1613696400,212,45,44,46,95,82,86,49
1613696400,114,29,20,32,63,57,50,76
1613696400,67,16,8,20,38,32,24,27
1613782800,5,1,0,1,0,1,1,3
1613782800,61,14,11,14,52,10,11,13
1613782800,5,1,0,1,0,1,1,7
1613782800,218,45,6,49,110,64,65,87
1613782800,85,17,9,24,11,38,39,50
1613782800,215,41,26,32,13,64,64,52
1613782800,250,51,36,48,21,89,102,49
1613782800,362,71,48,68,127,137,137,112
1613782800,313,70,53,61,72,138,136,155
1613782800,478,76,42,79,490,137,127,248
1613782800,363,82,49,84,79,181,206,120
1613782800,445,71,44,70,537,119,106,229
1613782800,327,70,47,64,88,145,145,153
1613782800,455,114,46,108,473,172,155,330
1613782800,233,55,45,63,97,135,151,77
1613782800,205,64,38,42,195,93,86,154
1613782800,167,37,25,43,59,67,70,94
1613782800,175,33,22,34,69,56,40,65
1613782800,144,38,23,39,55,100,130,56
1613782800,86,21,11,18,21,24,23,16
1613782800,78,12,4,18,46,25,28,54
1613782800,5,1,0,1,1,2,1,3
1613869200,0,0,0,0,0,0,0,4
1613869200,186,23,10,42,120,49,46,71
1613869200,4,1,0,1,0,2,2,21
1613869200,144,23,7,19,20,34,22,49
1613869200,98,23,11,21,11,38,43,38
1613869200,135,26,17,21,126,47,38,66
1613869200,133,25,11,27,25,65,74,92
1613869200,376,71,28,52,563,93,64,271
1613869200,195,48,22,49,45,97,102,95
1613869200,225,28,23,28,402,41,42,147
1613869200,143,36,20,29,46,70,69,93
1613869200,262,69,22,69,315,90,88,219
1613869200,109,27,17,24,53,41,35,47
1613869200,58,20,10,11,110,27,28,81
1613869200,76,18,7,20,62,38,36,79
1613869200,144,32,12,28,38,48,42,63
1613869200,108,22,12,26,65,64,96,34
1613869200,100,23,16,21,66,43,45,68
1613955600,8,2,0,2,0,2,2,8
1613955600,6,1,0,1,0,1,1,8
1613955600,182,28,4,33,118,42,39,66
1613955600,113,24,14,21,11,47,43,39
1613955600,105,20,14,17,34,40,42,26
1613955600,150,36,23,33,23,55,54,63
1613955600,116,26,15,22,157,48,46,78
1613955600,153,42,24,34,37,64,65,87
1613955600,278,55,32,37,421,62,62,171
1613955600,234,64,46,65,47,122,153,84
1613955600,201,43,25,37,298,60,56,142
1613955600,266,56,27,51,48,102,102,126
1613955600,297,69,29,68,356,112,103,213
1613955600,298,74,50,77,45,152,187,85
1613955600,301,73,48,56,171,120,126,146
1613955600,326,80,46,65,48,122,121,155
1613955600,283,63,35,59,78,97,100,97
1613955600,275,63,42,70,111,130,161,95
1613955600,124,29,25,31,68,49,56,19
1613955600,107,23,14,24,88,40,57,107
1613955600,0,0,0,0,0,1,0,0
1614042000,60,20,8,21,59,24,21,25
1614042000,6,1,0,1,0,1,1,9
1614042000,171,32,5,34,126,64,68,91
1614042000,60,10,11,13,6,26,28,12
1614042000,235,53,24,43,29,95,90,129
1614042000,224,42,31,40,14,74,74,45
1614042000,389,89,52,83,42,159,149,141
1614042000,341,76,41,65,68,133,108,107
1614042000,372,82,47,71,83,149,165,196
1614042000,443,102,62,95,128,172,179,120
1614042000,535,126,86,122,107,231,220,178
1614042000,396,94,52,89,77,173,148,145
1614042000,526,118,72,116,116,220,213,212
1614042000,482,115,57,119,393,189,191,262
1614042000,416,110,63,103,98,205,217,151
1614042000,498,110,72,101,362,191,173,280
1614042000,394,78,51,77,147,151,164,148
1614042000,262,66,43,61,126,123,101,94
1614042000,379,89,66,95,139,188,225,98
1614042000,136,31,22,39,95,55,47,37
1614042000,105,25,19,24,101,57,65,82
1614042000,60,17,12,24,59,26,22,17
1614128400,15,4,0,4,2,7,4,15
1614128400,35,12,6,13,41,15,12,11
1614128400,12,2,0,2,0,2,2,10
1614128400,125,33,3,40,55,51,54,75
1614128400,11,2,0,2,0,2,2,7
1614128400,79,23,13,21,15,39,32,34
1614128400,224,53,35,43,28,90,90,73
1614128400,287,65,40,56,36,122,124,91
1614128400,445,105,53,77,45,166,146,156
1614128400,515,108,63,92,218,172,157,185
1614128400,439,118,70,100,119,204,180,207
1614128400,538,96,50,73,653,150,117,292
1614128400,388,109,75,99,97,187,200,143
1614128400,475,94,45,90,415,138,116,247
1614128400,243,71,48,63,134,115,103,141
1614128400,365,95,43,82,387,143,142,237
1614128400,490,120,79,118,76,237,269,144
1614128400,463,106,53,91,227,152,136,259
1614128400,362,86,56,74,121,139,140,138
1614128400,236,61,39,48,119,106,91,81
1614128400,305,81,61,89,151,200,257,98
1614128400,160,35,20,39,69,43,48,33
1614128400,100,32,15,27,82,45,38,66
1614214800,54,13,7,17,61,24,15,24
1614214800,51,10,12,9,10,12,22,17
1614214800,193,24,2,36,94,43,49,74
1614214800,12,4,1,4,3,8,4,16
1614214800,106,17,9,18,7,31,26,26
1614214800,147,29,19,26,19,65,70,72
1614214800,252,54,34,45,22,103,95,57
1614214800,385,85,50,74,38,135,140,124
1614214800,479,112,63,90,213,171,162,178
1614214800,447,119,72,87,91,189,196,247
1614214800,468,98,62,87,554,159,153,242
1614214800,427,115,71,111,129,207,223,137
1614214800,296,65,32,56,346,106,92,181
1614214800,313,87,51,74,156,157,135,192
1614214800,416,96,40,78,439,152,123,256
1614214800,369,88,69,106,71,212,255,118
1614214800,447,112,58,86,295,163,163,258
1614214800,350,80,46,69,100,130,120,172
1614214800,336,60,44,62,90,98,109,75
1614214800,410,96,69,99,103,186,243,89
1614214800,159,38,17,32,60,50,40,57
1614214800,94,26,11,28,97,44,40,67
1614301200,52,17,10,32,69,27,19,21
1614301200,49,14,7,9,20,19,17,23
1614301200,158,24,3,32,102,34,34,62
1614301200,6,1,0,1,0,1,1,3
1614301200,55,17,15,14,15,29,28,12
1614301200,92,20,10,19,9,47,45,57
1614301200,370,88,51,71,46,140,133,103
1614301200,394,88,50,89,38,155,173,106
1614301200,457,89,43,80,197,139,135,175
1614301200,320,82,61,70,90,138,157,139
1614301200,385,68,49,61,564,118,103,231
1614301200,414,93,73,112,105,219,269,108
1614301200,377,80,41,66,464,111,98,214
1614301200,202,54,30,52,87,97,80,63
1614301200,403,108,47,111,409,185,180,350
1614301200,369,83,52,91,61,169,199,101
1614301200,377,79,55,73,224,149,168,154
1614301200,362,82,40,71,125,147,155,148
1614301200,364,76,54,75,107,128,131,94
1614301200,427,93,69,114,110,200,230,128
1614301200,201,50,30,56,83,84,83,64
1614301200,198,43,23,43,82,72,71,94
1614301200,65,15,9,21,61,28,19,20
1614387600,21,5,0,5,0,6,5,18
1614387600,48,8,6,18,66,15,11,17
1614387600,0,0,0,0,0,0,0,5
1614387600,168,31,4,40,110,51,47,82
1614387600,0,0,0,0,1,1,0,2
1614387600,53,12,6,10,9,23,18,23
1614387600,104,17,12,18,8,34,32,26
1614387600,182,52,32,40,29,89,80,46
1614387600,217,46,30,44,22,86,97,72
1614387600,406,80,55,67,157,136,138,116
1614387600,350,98,57,73,83,167,162,200
1614387600,477,82,52,70,503,134,123,221
1614387600,426,89,64,95,75,170,197,103
1614387600,455,80,52,80,508,118,101,230
1614387600,286,64,47,69,118,139,139,124
1614387600,227,48,16,59,382,92,66,201
1614387600,334,68,46,80,66,130,163,88
1614387600,267,63,37,53,248,105,103,199
1614387600,169,33,20,33,74,68,67,94
1614387600,118,20,14,22,61,30,29,31
1614387600,153,33,23,48,39,107,147,50
1614387600,96,17,9,20,25,32,21,31
1614387600,74,22,14,20,51,37,41,55
1614474000,17,6,1,5,1,7,5,18
1614474000,31,12,7,16,34,14,12,15
1614474000,5,1,0,1,0,2,1,8
1614474000,143,21,4,24,108,34,39,51
1614474000,89,20,11,19,15,38,43,45
1614474000,80,23,12,18,12,30,29,27
1614474000,123,28,16,26,12,44,55,56
1614474000,198,39,15,31,158,57,35,117
1614474000,141,36,24,33,24,81,97,107
1614474000,256,29,20,23,576,47,56,183
1614474000,194,51,33,53,25,117,142,80
1614474000,327,54,23,45,324,88,70,191
1614474000,164,37,15,35,61,62,56,87
1614474000,141,34,15,36,383,48,40,169
1614474000,116,32,24,39,76,90,124,44
1614474000,224,64,39,41,158,93,78,190
1614474000,134,36,22,29,87,44,44,72
1614474000,48,13,5,7,30,17,11,20
1614474000,101,25,21,41,69,82,110,57
1614474000,11,2,1,2,1,3,2,5
1614474000,106,22,11,27,23,25,22,42
1614560400,12,4,1,2,1,5,2,10
1614560400,0,0,0,0,0,0,0,6
1614560400,158,19,6,34,123,31,27,46
1614560400,0,0,0,0,0,1,0,0
1614560400,102,23,12,21,10,47,44,56
1614560400,105,28,19,19,13,37,43,18
1614560400,202,51,28,44,23,88,96,88
1614560400,245,54,28,44,119,98,91,116
1614560400,279,68,38,51,43,120,132,118
1614560400,215,36,27,28,468,57,59,179
1614560400,192,61,46,60,118,129,159,60
1614560400,302,74,42,54,325,98,76,195
1614560400,131,35,26,25,83,53,59,71
1614560400,302,52,25,47,293,75,78,134
1614560400,241,59,40,66,38,127,165,68
1614560400,317,75,48,61,175,126,132,187
1614560400,201,49,26,38,43,77,75,96
1614560400,185,40,28,40,63,70,65,55
1614560400,289,77,58,91,85,181,239,83
1614560400,138,26,15,32,41,47,51,32
1614560400,105,22,16,20,29,38,50,61
1614646800,31,8,9,15,73,27,14,19
1614646800,0,0,0,0,0,0,0,5
1614646800,151,24,11,33,123,55,54,63
1614646800,3,1,0,1,1,3,2,8
1614646800,125,29,17,23,17,46,45,24
1614646800,159,39,20,31,21,74,65,87
1614646800,312,74,41,61,39,118,106,94
1614646800,400,94,54,83,41,155,154,121
1614646800,349,88,46,76,163,139,105,165
1614646800,302,81,56,60,93,154,159,183
1614646800,451,80,70,82,566,143,146,221
1614646800,444,109,83,107,95,237,285,111
1614646800,459,92,54,84,340,169,163,190
1614646800,604,130,79,114,170,233,234,233
1614646800,476,100,62,101,399,178,191,214
1614646800,401,89,70,108,110,213,246,92
1614646800,427,106,66,90,290,160,163,212
1614646800,326,82,51,73,157,132,143,134
1614646800,356,86,59,74,126,129,124,85
1614646800,157,28,24,35,78,63,58,37
1614646800,301,70,54,76,92,153,184,85
1614646800,68,18,16,24,127,42,52,50
1614733200,75,14,14,18,70,18,17,18
1614733200,0,0,0,0,0,0,0,6
1614733200,204,28,7,42,139,60,56,75
1614733200,73,17,11,17,28,31,31,17
1614733200,212,42,31,39,25,73,73,68
1614733200,359,70,51,58,29,121,116,87
1614733200,334,77,38,68,42,136,127,119
1614733200,488,100,49,85,179,146,111,196
1614733200,374,88,67,78,101,172,177,155
1614733200,844,147,81,152,652,252,233,463
1614733200,416,104,83,108,121,213,239,110
1614733200,458,103,63,86,385,172,147,228
1614733200,353,96,70,85,124,166,192,141
1614733200,521,118,66,115,345,184,188,201
1614733200,370,82,64,86,98,158,179,96
1614733200,356,100,60,87,216,159,159,221
1614733200,439,95,51,91,167,154,157,163
1614733200,328,71,43,70,85,107,111,73
1614733200,312,81,60,80,124,171,203,106
1614733200,166,34,20,39,77,63,49,50
1614733200,171,37,19,42,100,51,63,90
1614733200,62,14,9,18,40,15,12,15
1614819600,4,1,0,1,0,1,1,4
1614819600,42,10,6,15,33,12,13,15
1614819600,15,3,0,3,0,4,3,15
1614819600,211,35,3,51,118,54,54,82
1614819600,6,1,0,1,0,1,1,3
1614819600,56,14,9,12,12,35,28,24
1614819600,159,35,17,33,22,73,64,93
1614819600,265,53,35,49,25,91,90,56
1614819600,315,76,47,76,35,133,133,113
1614819600,477,105,54,91,168,180,144,192
1614819600,266,76,45,62,97,142,153,169
1614819600,437,78,44,69,548,128,115,209
1614819600,385,93,60,102,122,211,245,126
1614819600,249,50,39,53,302,99,84,160
1614819600,275,78,49,77,187,152,163,170
1614819600,318,72,35,78,330,118,117,192
1614819600,376,96,72,85,84,174,203,95
1614819600,410,100,63,78,211,151,169,216
1614819600,401,91,54,94,120,178,212,158
1614819600,261,54,32,55,97,91,90,73
1614819600,270,64,47,66,83,137,163,75
1614819600,118,26,23,29,63,38,44,15
1614819600,67,24,14,23,51,48,56,67
1614819600,30,11,10,13,47,18,18,4
1614906000,25,6,0,4,0,4,4,12
1614906000,35,10,8,13,57,13,13,18
1614906000,0,0,0,0,0,0,0,2
1614906000,159,33,4,45,100,58,66,98
1614906000,5,1,0,1,0,1,1,4
1614906000,106,23,12,20,13,40,38,29
1614906000,201,35,23,33,16,65,72,54
1614906000,317,73,42,60,34,118,117,86
1614906000,319,68,30,61,36,123,99,121
1614906000,404,79,43,80,226,150,150,143
1614906000,482,116,80,111,108,225,257,186
1614906000,468,68,53,69,696,116,110,253
1614906000,462,100,79,124,145,240,313,109
1614906000,393,70,57,78,501,125,126,180
1614906000,444,95,67,90,147,166,191,120
1614906000,318,67,44,75,457,123,124,211
1614906000,357,83,58,89,89,180,231,92
1614906000,445,91,62,92,249,167,173,214
1614906000,408,97,48,94,107,150,155,171
1614906000,299,57,29,59,91,99,95,82
1614906000,201,42,41,70,131,135,170,42
1614906000,181,32,20,39,60,52,47,40
1614906000,147,26,15,28,74,53,61,91
1614906000,76,15,13,22,48,30,32,16
1614992400,1,4,1,1,1,2,1,4
1614992400,69,12,9,18,49,27,26,14
1614992400,5,2,1,1,0,1,1,9
1614992400,231,35,4,50,133,64,61,94
1614992400,44,19,9,16,13,34,33,16
1614992400,161,31,18,28,13,60,69,65
1614992400,165,40,27,37,21,70,77,48
1614992400,416,89,50,74,36,136,133,105
1614992400,301,73,48,70,152,147,143,100
1614992400,413,86,60,91,81,190,210,133
1614992400,469,79,52,77,634,128,134,232
1614992400,458,99,78,116,142,227,267,117
1614992400,356,65,46,67,351,112,106,140
1614992400,335,84,52,80,122,145,155,141
1614992400,333,67,35,85,423,114,118,200
1614992400,234,48,19,52,125,104,113,90
1614992400,209,52,43,43,156,79,91,134
1614992400,279,54,38,55,100,101,125,82
1614992400,209,41,26,43,51,70,75,51
1614992400,223,60,43,63,51,115,143,62
1614992400,129,22,15,24,48,48,39,28
1614992400,71,15,7,21,59,31,42,50
1615078800,62,19,9,23,42,23,15,23
1615078800,0,0,0,0,0,0,0,4
1615078800,138,16,7,18,105,27,32,39
1615078800,77,14,10,14,21,32,31,32
1615078800,79,18,16,16,14,33,41,17
1615078800,223,40,17,41,15,65,66,72
1615078800,159,28,20,26,139,44,48,63
1615078800,240,58,33,55,42,113,132,106
1615078800,223,35,28,38,465,63,73,158
1615078800,196,51,31,57,48,107,124,90
1615078800,129,28,17,19,319,36,35,120
1615078800,234,65,45,63,96,117,145,110
1615078800,197,35,19,38,284,55,66,134
1615078800,203,46,30,51,33,104,134,69
1615078800,137,33,22,25,156,46,50,102
1615078800,163,43,26,37,60,85,98,96
1615078800,83,17,10,20,32,34,26,28
1615078800,99,23,17,31,90,67,88,26
1615078800,69,15,13,9,102,28,30,34
1615165200,4,1,0,1,0,1,1,4
1615165200,0,0,0,0,0,0,0,6
1615165200,126,11,5,16,126,19,24,16
1615165200,62,12,6,11,7,24,24,16
1615165200,79,16,8,16,9,36,39,45
1615165200,75,16,11,14,7,28,32,14
1615165200,152,32,21,30,19,57,60,40
1615165200,257,61,44,47,137,99,100,86
1615165200,231,57,43,61,46,116,141,96
1615165200,156,17,15,20,505,37,43,165
1615165200,251,75,52,75,88,152,186,84
1615165200,208,30,13,33,401,51,42,163
1615165200,235,61,43,50,54,103,126,91
1615165200,260,52,25,56,293,84,89,169
1615165200,276,64,52,74,99,142,177,67
1615165200,314,88,57,52,146,117,132,166
1615165200,410,93,67,88,98,156,197,114
1615165200,209,46,36,44,56,81,90,40
1615165200,264,60,44,75,112,150,196,52
1615165200,200,42,36,53,77,84,107,34
1615165200,148,28,12,24,58,54,64,53
1615165200,35,9,8,11,48,21,17,12
1615251600,14,3,0,3,0,4,3,9
1615251600,29,7,7,12,73,16,18,16
1615251600,10,2,0,2,0,2,2,10
1615251600,142,20,4,30,115,51,54,66
1615251600,121,22,22,24,21,52,70,10
1615251600,266,48,29,37,25,87,91,95
1615251600,219,43,35,44,32,102,98,42
1615251600,439,98,62,94,48,196,208,119
1615251600,478,91,71,92,183,188,192,123
1615251600,466,114,74,101,121,221,232,195
1615251600,501,82,59,74,610,140,121,243
1615251600,418,106,82,109,187,221,242,114
1615251600,477,86,60,78,479,153,146,194
1615251600,528,130,103,132,189,261,308,196
1615251600,716,145,97,143,511,265,279,270
1615251600,451,109,73,116,148,214,229,156
1615251600,410,94,58,85,268,157,151,189
1615251600,472,112,77,115,220,203,217,203
1615251600,499,95,66,90,122,162,169,122
1615251600,293,77,55,74,121,145,161,87
1615251600,169,36,23,41,99,54,50,55
1615251600,164,39,30,41,86,74,76,83
1615251600,54,17,10,22,49,25,22,16
1615338000,46,11,9,15,67,21,19,18
1615338000,1,2,1,0,1,1,1,8
1615338000,170,33,6,36,160,60,58,78
1615338000,125,24,15,23,22,48,52,28
1615338000,279,63,46,55,33,122,126,104
1615338000,379,86,51,72,31,154,147,100
1615338000,440,102,57,93,50,170,151,172
1615338000,470,107,65,99,256,211,194,180
1615338000,517,140,85,121,167,263,277,271
1615338000,523,105,77,105,507,197,196,215
1615338000,615,152,102,140,128,280,323,177
1615338000,503,89,61,85,450,162,162,182
1615338000,499,133,86,120,196,249,255,215
1615338000,478,117,63,111,518,197,182,296
1615338000,564,115,61,122,157,179,180,199
1615338000,434,102,71,92,238,180,198,198
1615338000,572,127,80,123,152,234,252,199
1615338000,290,65,37,69,98,120,120,81
1615338000,266,63,41,60,138,110,94,97
1615338000,219,46,30,56,115,89,93,36
1615338000,129,34,24,28,121,66,79,68
1615338000,33,10,8,12,48,20,15,17
1615424400,15,4,1,4,1,6,4,14
1615424400,63,16,12,23,79,26,27,21
1615424400,6,1,0,1,0,1,1,5
1615424400,179,33,6,36,144,62,53,82
1615424400,51,13,11,14,3,21,24,6
1615424400,86,19,8,16,6,35,27,28
1615424400,238,48,36,43,22,87,99,68
1615424400,392,87,59,75,32,155,156,89
1615424400,535,105,65,99,55,181,181,155
1615424400,530,107,68,106,209,200,181,173
1615424400,540,147,89,133,153,260,289,258
1615424400,615,115,70,103,677,190,167,277
1615424400,395,100,61,81,128,144,129,128
1615424400,493,86,55,92,483,148,139,204
1615424400,564,133,106,130,176,248,278,175
1615424400,483,127,48,126,488,176,177,313
1615424400,499,115,66,105,108,185,165,159
1615424400,534,108,67,103,278,169,180,202
1615424400,479,88,54,91,102,162,179,149
1615424400,315,65,50,75,127,129,126,79
1615424400,377,77,48,78,103,130,132,97
1615424400,157,38,29,51,101,71,73,37
1615424400,157,36,26,45,93,83,94,94
1615424400,62,16,11,25,61,21,25,7
1615510800,43,7,5,11,51,15,14,8
1615510800,72,16,12,18,36,20,30,24
1615510800,180,24,2,38,128,56,46,78
1615510800,75,11,11,11,14,22,23,10
1615510800,107,21,19,22,17,41,49,21
1615510800,279,63,43,52,32,113,124,95
1615510800,452,94,62,89,47,187,190,94
1615510800,554,137,76,118,71,234,214,200
1615510800,465,97,64,103,204,192,184,135
1615510800,798,222,193,231,170,374,623,196
1615510800,567,104,72,88,732,171,168,267
1615510800,511,123,76,118,136,229,244,134
1615510800,499,95,65,88,602,163,164,235
1615510800,572,158,100,128,196,275,269,230
1615510800,688,150,93,152,548,288,285,329
1615510800,611,145,93,133,142,255,301,134
1615510800,474,98,81,97,279,175,193,176
1615510800,538,122,95,133,188,242,278,157
1615510800,383,69,54,76,142,124,130,95
1615510800,399,93,68,108,169,189,208,100
1615510800,260,50,35,64,106,83,84,54
1615510800,212,51,38,57,117,81,94,94
1615510800,49,15,9,27,75,35,25,21
1615597200,32,9,4,19,53,21,18,20
1615597200,66,11,13,20,61,27,26,22
1615597200,168,11,2,25,129,43,39,61
1615597200,120,30,19,27,19,55,60,27
1615597200,210,43,32,44,23,91,98,75
1615597200,216,44,32,40,21,89,87,40
1615597200,621,121,71,110,62,227,217,163
1615597200,603,110,69,111,230,218,209,171
1615597200,587,144,102,138,115,278,305,219
1615597200,666,107,73,113,781,198,194,301
1615597200,500,107,86,126,151,236,257,139
1615597200,455,78,57,83,595,165,148,211
1615597200,394,103,65,99,218,189,200,153
1615597200,385,73,39,88,551,126,107,216
1615597200,373,80,52,88,121,155,183,99
1615597200,220,45,40,54,247,96,88,154
1615597200,290,71,53,75,105,139,172,153
1615597200,207,38,25,46,85,69,68,44
1615597200,201,52,34,57,45,92,100,49
1615597200,80,22,15,23,52,39,42,18
1615597200,61,20,9,23,44,34,34,61
1615683600,81,16,12,20,40,17,21,14
1615683600,15,4,1,2,2,4,2,14
1615683600,171,16,4,17,138,32,30,26
1615683600,93,18,13,19,15,42,46,44
1615683600,133,31,21,28,19,54,47,45
1615683600,240,50,26,48,26,96,85,102
1615683600,188,29,26,31,174,64,73,62
1615683600,341,92,57,85,75,169,198,164
1615683600,316,35,25,32,719,56,56,211
1615683600,283,65,43,62,60,122,142,84
1615683600,193,25,21,31,524,44,41,174
1615683600,252,73,47,64,80,139,167,119
1615683600,175,33,17,48,426,65,67,183
1615683600,128,30,18,38,37,62,76,30
1615683600,193,37,23,34,222,66,55,133
1615683600,204,52,41,52,87,107,145,81
1615683600,84,15,11,14,45,29,39,18
1615683600,104,18,11,30,35,54,63,33
1615683600,111,23,14,26,50,48,67,72
1615770000,23,4,0,4,0,4,4,9
1615770000,34,6,9,12,39,18,18,13
1615770000,215,16,0,20,135,23,21,32
1615770000,0,0,0,0,0,0,0,2
1615770000,63,21,15,14,8,37,40,33
1615770000,69,14,10,14,5,35,33,23
1615770000,260,60,39,53,28,105,103,83
1615770000,231,47,28,38,189,75,84,95
1615770000,237,64,39,53,66,120,137,108
1615770000,241,33,26,30,657,50,51,196
1615770000,306,88,60,85,76,163,198,106
1615770000,283,53,31,42,443,85,80,193
1615770000,481,107,70,106,156,210,258,156
1615770000,407,86,48,79,357,128,134,208
1615770000,433,105,79,107,100,206,266,94
1615770000,414,91,67,79,290,176,178,190
1615770000,554,122,85,120,133,240,299,208
1615770000,320,64,43,69,90,105,115,72
1615770000,309,72,37,77,134,124,138,108
1615770000,250,56,45,63,107,97,106,58
1615770000,174,35,25,38,105,78,105,110
1615770000,75,16,12,15,43,25,15,16
1615856400,40,12,6,16,60,19,13,25
1615856400,63,14,12,18,35,22,45,21
1615856400,210,27,9,36,111,63,46,74
1615856400,104,19,19,22,13,41,45,15
1615856400,191,39,24,39,15,72,73,41
1615856400,366,74,47,73,29,148,155,144
1615856400,546,115,78,102,53,212,223,129
1615856400,689,144,83,143,66,267,262,208
1615856400,553,113,69,108,247,220,210,183
1615856400,682,170,130,161,205,352,393,269
1615856400,727,128,92,129,761,237,215,323
1615856400,523,116,93,115,173,236,244,142
1615856400,461,97,78,92,412,157,146,159
1615856400,710,169,108,169,206,316,318,204
1615856400,705,163,91,162,601,281,259,373
1615856400,779,178,105,187,180,325,339,235
1615856400,576,130,92,129,351,219,213,200
1615856400,648,149,98,142,195,277,310,265
1615856400,435,101,61,95,205,177,146,148
1615856400,507,109,88,126,180,218,257,111
1615856400,319,73,54,70,145,121,106,68
1615856400,250,53,33,53,129,105,115,165
1615856400,64,12,17,16,86,29,21,23
1615942800,53,15,9,25,53,21,18,30
1615942800,37,10,6,11,35,13,17,15
1615942800,71,15,11,12,17,25,30,14
1615942800,187,18,11,22,142,63,31,34
1615942800,109,25,19,23,15,50,52,25
1615942800,246,55,36,45,40,112,91,82
1615942800,325,79,52,64,50,155,151,138
1615942800,508,106,71,99,61,206,208,103
1615942800,691,155,100,147,116,316,299,241
1615942800,680,149,96,138,252,276,264,204
1615942800,637,190,137,171,220,350,382,300
1615942800,682,138,94,129,797,240,232,314
1615942800,632,179,118,175,240,356,398,209
1615942800,542,117,75,99,592,193,173,257
1615942800,620,147,96,142,213,291,311,256
1615942800,655,131,84,147,637,243,234,314
1615942800,635,142,111,152,170,281,317,149
1615942800,637,122,79,113,334,208,202,267
1615942800,688,152,104,150,196,272,324,218
1615942800,436,94,72,113,162,169,187,96
1615942800,496,117,88,124,141,226,255,115
1615942800,205,42,29,55,120,66,70,59
1615942800,182,42,28,47,99,79,113,136
1615942800,58,12,8,29,61,35,28,17
1616029200,37,14,5,22,50,23,19,26
1616029200,60,13,10,15,35,18,31,19
1616029200,207,23,3,25,118,53,40,53
1616029200,52,10,8,11,13,28,28,6
1616029200,138,28,23,28,15,60,62,29
1616029200,354,80,45,63,39,146,140,145
1616029200,443,98,62,93,45,174,164,135
1616029200,704,147,92,136,91,296,292,202
1616029200,523,106,54,102,290,190,164,210
1616029200,703,175,120,152,188,348,379,331
1616029200,667,143,102,135,691,248,224,292
1616029200,516,138,89,126,189,260,262,177
1616029200,481,103,68,90,554,184,176,218
1616029200,491,138,87,123,234,247,262,229
1616029200,779,166,91,175,556,282,284,336
1616029200,570,130,87,142,135,263,289,157
1616029200,474,101,59,97,360,178,158,249
1616029200,842,183,117,181,219,335,376,325
1616029200,387,79,44,84,170,129,121,114
1616029200,358,82,63,101,102,176,214,91
1616029200,243,57,29,65,172,103,79,81
1616029200,137,35,30,35,139,73,67,94
1616029200,68,17,11,20,77,28,21,20
1616115600,62,14,9,23,74,25,21,32
1616115600,41,11,6,7,44,19,19,14
1616115600,214,31,5,28,118,50,40,60
1616115600,76,14,8,15,8,33,25,16
1616115600,179,33,22,31,11,65,53,47
1616115600,307,63,39,56,28,131,137,118
1616115600,433,86,55,81,38,179,170,111
1616115600,691,147,85,142,88,278,264,225
1616115600,687,130,83,123,300,236,227,198
1616115600,776,173,118,167,194,348,359,323
1616115600,630,116,73,106,872,205,196,315
1616115600,540,137,102,149,197,299,324,160
1616115600,580,117,78,113,763,197,198,292
1616115600,762,178,125,168,209,337,387,239
1616115600,562,129,75,132,716,210,226,339
1616115600,601,120,78,134,152,219,240,145
1616115600,533,112,81,117,385,208,207,247
1616115600,672,151,96,150,211,302,329,279
1616115600,642,137,91,119,167,229,236,165
1616115600,686,140,100,148,221,276,313,169
1616115600,464,85,62,100,155,155,168,78
1616115600,226,53,32,66,177,125,122,140
1616115600,79,22,17,30,127,41,27,20
1616202000,72,16,15,19,86,27,28,13
1616202000,38,12,9,19,64,23,26,24
1616202000,253,29,9,35,166,56,44,56
1616202000,164,36,26,34,26,71,66,43
1616202000,265,64,34,50,38,116,117,116
1616202000,381,76,42,72,43,149,147,85
1616202000,568,122,77,108,66,209,214,125
1616202000,613,126,77,118,276,252,242,221
1616202000,836,200,141,185,154,427,470,344
1616202000,710,123,88,136,874,255,240,351
1616202000,690,158,105,161,181,320,348,211
1616202000,700,121,83,129,697,215,215,247
1616202000,508,131,81,124,243,256,257,239
1616202000,515,99,63,105,779,177,153,323
1616202000,468,104,61,116,188,200,206,170
1616202000,360,71,43,71,343,126,135,165
1616202000,327,89,50,85,128,165,186,163
1616202000,198,45,27,46,116,78,74,50
1616202000,297,62,36,64,108,120,133,81
1616202000,214,37,24,40,71,71,67,52
1616202000,127,29,16,25,80,71,90,100
1616202000,66,15,11,21,40,22,17,6
1616288400,55,13,7,14,52,22,13,24
1616288400,0,0,0,0,0,0,0,3
1616288400,214,26,5,32,194,54,41,65
1616288400,75,15,10,15,11,31,32,22
1616288400,74,17,10,14,9,26,27,48
1616288400,105,22,15,19,12,40,40,23
1616288400,320,56,31,55,23,98,95,94
1616288400,376,68,45,59,199,108,116,115
1616288400,365,86,58,75,77,177,210,135
1616288400,419,59,39,53,777,103,92,274
1616288400,280,64,43,79,80,143,174,94
1616288400,288,38,29,45,577,65,68,187
1616288400,297,86,68,81,159,159,193,112
1616288400,321,58,35,68,549,104,106,238
1616288400,234,64,43,63,68,116,128,87
1616288400,167,29,19,30,279,49,37,142
1616288400,270,69,47,65,279,120,147,111
1616288400,111,31,16,25,87,39,21,52
1616288400,131,29,17,33,222,56,66,42
1616288400,136,37,20,38,258,55,61,68
1616374800,8,2,0,2,0,3,3,9
1616374800,11,2,0,2,0,2,2,13
1616374800,222,11,3,21,178,25,21,25
1616374800,92,17,10,14,10,27,25,27
1616374800,151,30,16,26,12,59,56,77
1616374800,243,46,25,41,18,77,79,65
1616374800,304,56,31,53,27,87,90,99
1616374800,268,65,40,51,240,106,115,129
1616374800,393,105,76,91,89,188,224,164
1616374800,374,61,37,52,745,94,93,277
1616374800,329,77,55,80,242,141,168,93
1616374800,279,41,28,46,583,80,86,207
1616374800,354,106,73,91,310,195,228,160
1616374800,462,94,48,86,561,165,174,268
1616374800,466,100,61,96,272,184,207,134
1616374800,506,107,68,83,278,165,191,224
1616374800,558,135,99,114,316,223,282,178
1616374800,487,88,65,93,116,161,184,120
1616374800,505,103,72,111,313,203,224,142
1616374800,252,56,35,53,97,82,82,53
1616374800,237,54,44,61,325,126,155,122
1616374800,96,18,19,30,85,43,46,17
1616461200,34,8,8,18,53,13,14,12
1616461200,52,12,7,16,61,15,21,20
1616461200,268,33,10,37,167,74,54,73
1616461200,6,1,0,1,0,1,1,3
1616461200,231,42,26,42,25,89,90,44
1616461200,352,68,48,64,25,140,157,80
1616461200,572,115,75,104,58,216,193,158
1616461200,869,190,112,159,113,331,324,265
1616461200,780,156,99,154,258,307,309,230
1616461200,959,237,151,207,190,463,505,399
1616461200,969,175,126,156,969,320,287,417
1616461200,635,154,132,161,420,331,332,184
1616461200,778,149,100,145,778,278,252,320
1616461200,650,163,124,162,458,360,400,260
1616461200,983,214,122,216,674,368,361,465
1616461200,939,193,126,182,383,328,323,229
1616461200,826,173,116,157,457,298,311,297
1616461200,827,193,123,164,459,363,392,367
1616461200,713,136,81,137,229,223,203,184
1616461200,584,125,85,140,394,266,276,193
1616461200,364,72,50,77,190,137,123,88
1616461200,227,59,46,67,334,123,136,165
1616461200,133,32,23,35,101,49,41,32
1616547600,65,15,17,29,76,24,25,24
1616547600,47,14,12,25,76,25,21,27
1616547600,254,33,4,41,158,81,69,102
1616547600,102,18,8,20,14,35,32,36
1616547600,151,33,21,32,31,76,67,46
1616547600,507,109,62,92,56,200,191,189
1616547600,545,117,72,114,65,250,204,194
1616547600,1018,232,136,194,115,370,352,298
1616547600,913,171,113,163,333,332,316,281
1616547600,906,211,154,190,239,468,502,465
1616547600,922,192,119,180,1005,329,287,472
1616547600,717,160,121,155,231,328,345,202
1616547600,803,172,116,165,709,292,266,344
1616547600,822,191,134,187,459,376,396,356
1616547600,740,142,83,149,746,260,232,437
1616547600,707,151,108,148,208,308,264,222
1616547600,961,215,143,204,650,401,405,410
1616547600,849,201,123,182,427,383,392,385
1616547600,676,143,101,145,248,255,256,220
1616547600,662,148,103,154,450,283,310,187
1616547600,401,96,78,96,185,158,154,110
1616547600,255,71,41,71,379,128,127,155
1616547600,101,28,27,26,138,55,44,30
1616634000,74,17,12,19,71,23,23,15
1616634000,42,10,5,15,43,18,20,22
1616634000,0,0,0,0,0,0,0,5
1616634000,290,54,15,60,218,111,95,125
1616634000,119,25,21,24,19,48,52,15
1616634000,208,51,41,47,34,100,102,53
1616634000,626,128,89,114,60,242,244,203
1616634000,639,154,105,134,71,296,289,216
1616634000,947,226,120,191,108,379,345,353
1616634000,759,162,104,158,345,322,305,262
1616634000,791,206,132,180,254,412,427,407
1616634000,726,140,108,123,932,281,273,359
1616634000,728,181,111,165,432,349,329,297
1616634000,833,148,88,146,753,268,266,367
1616634000,724,166,113,160,446,346,349,359
1616634000,667,157,90,160,721,296,262,383
1616634000,768,183,109,170,216,346,335,255
1616634000,847,178,121,165,535,340,319,412
1616634000,691,147,81,151,357,286,297,253
1616634000,457,98,72,111,227,182,182,127
1616634000,505,115,74,131,417,232,229,182
1616634000,349,86,56,84,157,152,151,85
1616634000,185,49,34,47,343,110,114,155
1616634000,70,21,13,29,96,42,35,21
1616720400,90,22,10,21,74,27,29,29
1616720400,51,13,14,12,46,18,22,0
1616720400,6,2,1,0,1,1,0,6
1616720400,292,51,14,63,208,97,75,118
1616720400,119,17,16,19,9,33,31,13
1616720400,220,42,33,41,18,94,103,43
1616720400,541,127,88,114,68,246,257,181
1616720400,738,162,108,141,63,274,274,183
1616720400,821,182,108,162,110,316,298,236
1616720400,853,200,139,183,192,372,327,318
1616720400,958,222,164,221,237,459,481,343
1616720400,932,180,116,186,973,362,309,531
1616720400,813,200,140,200,477,376,366,273
1616720400,795,165,101,154,799,258,234,380
1616720400,692,193,136,185,492,372,374,314
1616720400,731,179,96,179,750,289,286,414
1616720400,824,203,120,189,375,332,325,263
1616720400,681,177,120,169,453,283,306,309
1616720400,824,182,118,168,425,374,373,412
1616720400,623,139,85,131,240,225,233,157
1616720400,434,101,61,95,162,166,159,132
1616720400,420,100,65,103,383,183,178,145
1616720400,293,61,52,69,410,151,187,196
1616720400,119,26,26,28,118,62,48,31
1616806800,59,16,10,21,268,31,38,22
1616806800,33,8,5,12,51,28,22,11
1616806800,59,12,3,12,22,18,13,21
1616806800,343,47,17,57,388,106,102,141
1616806800,121,23,16,19,14,34,39,23
1616806800,137,32,23,28,20,79,69,52
1616806800,308,62,43,62,32,119,125,109
1616806800,466,100,64,93,51,204,186,146
1616806800,792,175,105,155,109,317,275,269
1616806800,715,142,94,131,84,254,241,203
1616806800,666,150,123,148,162,283,296,158
1616806800,1119,237,153,229,994,480,465,658
1616806800,788,180,103,180,431,322,314,306
1616806800,740,135,107,147,869,265,251,348
1616806800,605,138,92,140,471,282,284,280
1616806800,635,143,84,155,729,266,232,421
1616806800,588,143,94,146,386,272,259,197
1616806800,552,128,89,103,397,220,200,290
1616806800,546,128,84,118,355,236,243,264
1616806800,294,69,47,73,206,148,116,130
1616806800,330,68,46,76,339,135,133,102
1616806800,196,46,29,57,107,76,58,58
1616806800,181,39,27,41,295,80,89,127
1616806800,77,15,7,18,45,27,21,16
1616893200,19,4,0,5,0,6,5,20
1616893200,66,15,12,18,60,21,25,16
1616893200,0,0,0,0,0,0,0,6
1616893200,186,5,10,6,172,22,19,15
1616893200,93,34,5,33,7,49,37,69
1616893200,82,13,10,14,4,30,34,11
1616893200,158,35,23,30,16,76,74,81
1616893200,175,42,32,39,29,85,81,71
1616893200,383,70,33,71,40,142,135,189
1616893200,365,51,37,40,635,93,82,268
1616893200,526,128,76,110,299,232,224,302
1616893200,513,90,56,75,745,147,124,325
1616893200,271,54,34,59,85,107,103,88
1616893200,506,106,62,101,877,204,180,399
1616893200,338,89,49,81,310,156,159,211
1616893200,245,62,31,61,492,100,86,251
1616893200,306,74,50,72,299,147,162,170
1616893200,223,47,35,43,151,86,89,70
1616893200,237,62,36,47,270,132,127,169
1616893200,249,53,30,49,64,78,77,74
1616893200,249,45,29,52,250,98,107,80
1616893200,196,39,33,39,62,72,70,47
1616893200,73,20,17,20,241,61,73,85
1616976000,56,20,11,25,81,28,20,18
1616976000,46,15,10,12,32,22,33,19
1616976000,234,18,9,23,199,43,32,46
1616976000,57,13,11,9,5,24,25,6
1616976000,170,42,32,32,20,74,76,49
1616976000,237,55,35,48,20,108,110,95
1616976000,389,93,60,77,71,168,175,149
1616976000,351,109,64,78,71,172,175,180
1616976000,302,84,49,60,58,111,118,86
1616976000,530,104,65,93,896,187,171,398
1616976000,406,76,55,64,628,124,124,261
1616976000,423,101,50,101,318,183,182,202
1616976000,429,99,59,83,505,170,138,296
1616976000,540,129,84,112,314,221,211,249
1616976000,567,136,86,125,447,226,234,293
1616976000,503,133,101,113,321,247,281,199
1616976000,675,143,79,131,219,233,237,213
1616976000,721,153,91,137,359,260,300,267
1616976000,559,126,69,108,129,183,200,151
1616976000,508,113,77,113,352,213,240,134
1616976000,267,66,50,68,146,111,115,82
1616976000,99,25,22,31,113,53,55,27
1616976000,97,21,13,26,290,50,44,79
1617062400,38,11,9,17,60,19,19,14
1617062400,82,18,12,18,34,20,30,27
1617062400,184,35,10,35,154,57,53,70
1617062400,68,24,13,15,19,33,28,24
1617062400,331,74,57,65,34,145,153,80
1617062400,836,187,114,162,76,330,320,284
1617062400,953,205,128,185,90,372,362,280
1617062400,804,181,112,169,149,363,333,304
1617062400,709,159,111,151,746,311,281,359
1617062400,991,256,182,229,511,495,454,441
1617062400,619,160,113,136,212,277,259,177
1617062400,914,220,159,197,225,391,413,252
1617062400,1208,262,180,231,1431,453,371,718
1617062400,860,208,144,190,237,404,397,275
1617062400,1131,269,163,259,951,494,465,640
1617062400,904,218,136,210,473,388,376,365
1617062400,664,171,116,169,339,313,275,264
1617062400,787,184,127,165,457,312,295,309
1617062400,582,132,95,138,219,256,230,217
1617062400,536,127,72,123,377,219,227,162
1617062400,214,60,37,62,151,95,77,72
1617062400,158,48,29,44,153,112,84,132
1617062400,50,14,14,20,87,29,26,19
1617148800,37,13,10,17,45,21,20,10
1617148800,37,10,8,10,39,14,23,5
1617148800,8,2,2,2,2,4,2,8
1617148800,291,46,10,55,181,89,70,105
1617148800,99,27,19,20,27,48,42,22
1617148800,508,125,87,100,60,200,196,162
1617148800,803,183,129,158,88,352,349,281
1617148800,1031,257,164,208,115,446,445,312
1617148800,1004,240,155,206,154,428,419,306
1617148800,1067,227,153,195,800,419,377,452
1617148800,1141,282,208,256,558,518,497,397
1617148800,1013,227,147,208,874,391,347,497
1617148800,1028,240,157,225,497,432,411,306
1617148800,708,162,106,168,795,301,268,402
1617148800,908,214,165,206,502,470,439,439
1617148800,989,242,123,228,608,361,318,445
1617148800,831,172,121,185,430,342,328,317
1617148800,611,141,105,151,328,257,233,186
1617148800,803,180,123,171,420,323,320,284
1617148800,625,129,105,133,181,227,215,150
1617148800,475,123,88,127,381,235,266,134
1617148800,223,61,38,53,173,98,85,69
1617148800,185,40,22,53,343,83,83,83
1617148800,77,25,12,19,120,30,24,29
1617235200,34,13,9,13,47,14,19,11
1617235200,82,16,10,10,54,17,21,18
1617235200,300,46,17,64,185,102,99,128
1617235200,130,29,22,30,11,56,59,29
1617235200,443,92,65,83,38,149,132,121
1617235200,664,171,109,144,79,309,309,268
1617235200,930,256,154,214,142,458,412,344
1617235200,790,189,130,189,121,387,371,279
1617235200,866,190,125,167,764,330,309,398
1617235200,764,195,134,175,515,382,387,314
1617235200,825,178,120,173,801,322,294,395
1617235200,691,181,130,177,446,361,373,234
1617235200,642,136,93,147,185,290,306,192
1617235200,813,207,137,195,1018,392,338,524
1617235200,827,186,106,202,611,340,309,499
1617235200,863,197,127,175,452,372,371,314
1617235200,682,153,106,154,281,258,243,223
1617235200,734,180,116,171,402,319,314,320
1617235200,585,113,80,148,206,204,205,134
1617235200,506,113,67,115,377,195,194,172
1617235200,381,98,68,87,172,147,141,106
1617235200,197,44,25,52,342,88,79,103
1617235200,116,34,26,37,106,68,60,39
1617321600,83,21,13,27,77,28,30,23
1617321600,49,15,12,17,50,23,35,11
1617321600,5,1,0,1,0,1,1,9
1617321600,257,37,16,39,226,88,64,73
1617321600,110,27,20,26,25,62,63,30
1617321600,291,58,42,52,28,117,122,63
1617321600,661,130,77,113,49,222,224,216
1617321600,775,185,125,161,91,335,323,224
1617321600,980,206,125,200,125,395,379,304
1617321600,687,175,116,167,144,329,323,181
1617321600,1087,238,177,228,985,461,472,532
1617321600,850,148,125,162,746,310,301,332
1617321600,784,195,136,191,494,388,386,225
1617321600,741,141,100,140,815,240,208,373
1617321600,559,132,88,140,434,235,224,243
1617321600,592,119,71,134,589,224,194,322
1617321600,651,143,89,149,391,295,286,281
1617321600,486,88,70,92,184,162,153,130
1617321600,533,112,74,112,358,220,233,217
1617321600,342,90,61,82,156,167,144,121
1617321600,307,62,42,71,311,108,108,111
1617321600,159,34,29,39,92,60,51,40
1617321600,75,23,12,25,277,49,47,75
1617321600,57,16,6,13,38,17,10,17
1617408000,9,2,0,2,1,3,2,9
1617408000,27,12,3,13,45,11,17,17
1617408000,4,1,0,1,0,2,1,8
1617408000,198,19,9,22,171,40,28,46
1617408000,54,15,7,13,14,24,21,30
1617408000,68,18,8,14,9,33,21,33
1617408000,188,31,24,30,7,52,59,27
1617408000,446,100,68,90,51,193,200,161
1617408000,389,92,64,79,56,166,167,157
1617408000,453,83,65,71,667,154,143,283
1617408000,505,114,82,116,339,244,246,272
1617408000,529,101,64,96,691,176,182,295
1617408000,580,150,95,138,353,297,322,205
1617408000,466,83,65,88,612,157,147,261
1617408000,370,97,67,88,147,187,180,201
1617408000,542,116,74,127,601,236,221,340
1617408000,373,94,52,98,338,157,159,162
1617408000,315,62,40,65,119,107,110,88
1617408000,347,78,48,72,378,149,168,135
1617408000,297,64,48,65,77,123,128,67
1617408000,290,57,46,64,296,111,130,65
1617408000,112,23,23,27,64,48,38,20
1617408000,84,19,14,23,262,48,52,71
1617408000,49,15,12,27,50,23,21,11
         0,671808,161439,98760,150617,374350,274923,266819,295057
